Date,open,high,low,close,volume,dividends,stock splits
2020-01-02 00:00:00-05:00,387.75,392.0,387.25,391.5,103987,0.0,0.0
2020-01-03 00:00:00-05:00,391.5,392.0,385.5,386.5,125931,0.0,0.0
2020-01-06 00:00:00-05:00,386.25,387.75,382.75,384.75,112130,0.0,0.0
2020-01-07 00:00:00-05:00,385.0,385.75,383.5,384.5,93541,0.0,0.0
2020-01-08 00:00:00-05:00,384.0,385.5,382.25,384.25,135523,0.0,0.0
2020-01-09 00:00:00-05:00,383.75,387.0,382.25,383.25,130937,0.0,0.0
2020-01-10 00:00:00-05:00,383.25,386.75,376.5,385.75,226659,0.0,0.0
2020-01-13 00:00:00-05:00,386.5,389.5,385.5,389.5,139994,0.0,0.0
2020-01-14 00:00:00-05:00,389.25,390.5,388.25,389.0,115957,0.0,0.0
2020-01-15 00:00:00-05:00,388.75,390.25,386.5,387.5,141478,0.0,0.0
2020-01-16 00:00:00-05:00,387.25,387.75,375.25,375.5,230557,0.0,0.0
2020-01-17 00:00:00-05:00,377.0,389.5,376.75,389.25,293121,0.0,0.0
2020-01-21 00:00:00-05:00,389.0,389.25,384.25,387.5,182958,0.0,0.0
2020-01-22 00:00:00-05:00,387.5,391.0,386.75,388.75,155603,0.0,0.0
2020-01-23 00:00:00-05:00,388.5,394.0,387.5,393.75,256298,0.0,0.0
2020-01-24 00:00:00-05:00,393.25,393.25,386.5,387.25,196121,0.0,0.0
2020-01-27 00:00:00-05:00,384.25,384.75,377.25,380.5,264471,0.0,0.0
2020-01-28 00:00:00-05:00,382.5,387.0,378.5,386.5,243266,0.0,0.0
2020-01-29 00:00:00-05:00,385.5,388.25,382.75,384.25,136811,0.0,0.0
2020-01-30 00:00:00-05:00,384.5,385.0,378.5,379.5,160206,0.0,0.0
2020-01-31 00:00:00-05:00,381.5,382.75,378.75,381.25,151805,0.0,0.0
2020-02-03 00:00:00-05:00,380.5,382.0,376.5,378.75,216443,0.0,0.0
2020-02-04 00:00:00-05:00,378.25,383.5,378.25,382.25,176002,0.0,0.0
2020-02-05 00:00:00-05:00,381.5,383.25,379.5,380.75,122103,0.0,0.0
2020-02-06 00:00:00-05:00,380.25,381.75,376.0,379.25,191891,0.0,0.0
2020-02-07 00:00:00-05:00,380.25,385.0,380.0,383.5,256721,0.0,0.0
2020-02-10 00:00:00-05:00,383.25,383.5,379.0,381.75,219017,0.0,0.0
2020-02-11 00:00:00-05:00,381.0,382.0,378.0,379.75,200407,0.0,0.0
2020-02-12 00:00:00-05:00,379.75,383.75,378.25,383.0,241461,0.0,0.0
2020-02-13 00:00:00-05:00,382.25,382.75,379.0,379.5,202459,0.0,0.0
2020-02-14 00:00:00-05:00,379.5,381.5,376.25,377.75,216864,0.0,0.0
2020-02-18 00:00:00-05:00,378.5,383.25,378.0,383.0,215110,0.0,0.0
2020-02-19 00:00:00-05:00,382.25,382.75,378.5,380.5,172265,0.0,0.0
2020-02-20 00:00:00-05:00,380.75,381.25,378.0,378.5,173142,0.0,0.0
2020-02-21 00:00:00-05:00,378.25,380.5,376.25,377.0,169068,0.0,0.0
2020-02-24 00:00:00-05:00,376.25,376.25,370.0,372.25,170528,0.0,0.0
2020-02-25 00:00:00-05:00,373.0,374.75,371.25,372.5,119868,0.0,0.0
2020-02-26 00:00:00-05:00,372.0,374.0,368.25,370.5,268795,0.0,0.0
2020-02-27 00:00:00-05:00,369.75,370.0,361.75,364.5,156142,0.0,0.0
2020-02-28 00:00:00-05:00,364.5,367.25,362.75,366.5,18809,0.0,0.0
2020-03-02 00:00:00-05:00,366.5,375.75,366.0,374.75,6092,0.0,0.0
2020-03-03 00:00:00-05:00,375.75,383.75,375.75,381.75,3194,0.0,0.0
2020-03-04 00:00:00-05:00,382.0,388.5,380.0,387.0,3275,0.0,0.0
2020-03-05 00:00:00-05:00,387.5,387.5,382.0,384.5,1830,0.0,0.0
2020-03-06 00:00:00-05:00,383.75,385.5,377.0,377.25,1277,0.0,0.0
2020-03-09 00:00:00-04:00,372.0,377.5,368.5,374.25,921,0.0,0.0
2020-03-10 00:00:00-04:00,379.0,381.5,377.5,380.0,605,0.0,0.0
2020-03-11 00:00:00-04:00,380.25,380.5,377.0,379.25,942,0.0,0.0
2020-03-12 00:00:00-04:00,377.5,377.5,367.0,369.75,342,0.0,0.0
2020-03-13 00:00:00-04:00,370.0,375.5,370.0,370.75,191029,0.0,0.0
2020-03-16 00:00:00-04:00,362.5,367.75,354.0,354.75,188791,0.0,0.0
2020-03-17 00:00:00-04:00,355.25,356.75,342.75,344.0,219215,0.0,0.0
2020-03-18 00:00:00-04:00,344.0,345.25,332.0,335.25,255105,0.0,0.0
2020-03-19 00:00:00-04:00,336.5,354.75,336.5,345.5,223252,0.0,0.0
2020-03-20 00:00:00-04:00,346.5,356.75,342.25,343.75,189068,0.0,0.0
2020-03-23 00:00:00-04:00,340.25,345.5,338.25,343.5,114729,0.0,0.0
2020-03-24 00:00:00-04:00,343.5,350.5,338.0,347.25,126658,0.0,0.0
2020-03-25 00:00:00-04:00,347.5,352.75,345.75,348.5,118826,0.0,0.0
2020-03-26 00:00:00-04:00,348.25,349.25,343.75,348.75,113530,0.0,0.0
2020-03-27 00:00:00-04:00,348.5,350.0,342.5,346.0,114028,0.0,0.0
2020-03-30 00:00:00-04:00,343.0,346.75,340.0,341.25,108485,0.0,0.0
2020-03-31 00:00:00-04:00,341.75,344.75,333.5,340.75,208191,0.0,0.0
2020-04-01 00:00:00-04:00,341.25,342.75,333.5,334.75,151929,0.0,0.0
2020-04-02 00:00:00-04:00,335.0,343.25,333.0,333.5,151692,0.0,0.0
2020-04-03 00:00:00-04:00,334.5,338.5,328.0,330.75,158652,0.0,0.0
2020-04-06 00:00:00-04:00,329.75,331.75,325.5,327.75,111044,0.0,0.0
2020-04-07 00:00:00-04:00,328.0,335.5,328.0,331.5,157368,0.0,0.0
2020-04-08 00:00:00-04:00,332.0,334.0,328.25,330.0,151312,0.0,0.0
2020-04-09 00:00:00-04:00,330.75,333.5,328.0,331.75,169665,0.0,0.0
2020-04-13 00:00:00-04:00,332.25,334.0,326.5,331.5,147086,0.0,0.0
2020-04-14 00:00:00-04:00,331.25,332.0,325.75,326.0,191905,0.0,0.0
2020-04-15 00:00:00-04:00,326.0,326.75,317.5,319.25,161437,0.0,0.0
2020-04-16 00:00:00-04:00,318.75,323.0,317.75,319.75,136583,0.0,0.0
2020-04-17 00:00:00-04:00,319.75,325.5,319.5,322.25,99361,0.0,0.0
2020-04-20 00:00:00-04:00,322.5,323.25,313.5,314.25,150677,0.0,0.0
2020-04-21 00:00:00-04:00,314.25,316.25,301.0,309.25,197926,0.0,0.0
2020-04-22 00:00:00-04:00,310.0,320.25,308.25,317.5,146968,0.0,0.0
2020-04-23 00:00:00-04:00,317.0,323.5,315.0,319.25,136849,0.0,0.0
2020-04-24 00:00:00-04:00,319.25,320.75,312.0,315.75,113476,0.0,0.0
2020-04-27 00:00:00-04:00,315.0,315.75,304.25,305.5,108694,0.0,0.0
2020-04-28 00:00:00-04:00,305.0,308.5,301.25,302.75,138104,0.0,0.0
2020-04-29 00:00:00-04:00,302.75,308.75,300.25,304.5,121804,0.0,0.0
2020-04-30 00:00:00-04:00,305.25,313.0,303.5,311.5,11086,0.0,0.0
2020-05-01 00:00:00-04:00,311.0,311.5,308.0,311.5,3512,0.0,0.0
2020-05-04 00:00:00-04:00,309.5,310.75,305.5,310.75,2622,0.0,0.0
2020-05-05 00:00:00-04:00,310.5,314.75,310.5,313.0,867,0.0,0.0
2020-05-06 00:00:00-04:00,315.0,315.0,311.0,311.75,522,0.0,0.0
2020-05-07 00:00:00-04:00,313.5,318.0,313.25,316.0,1076,0.0,0.0
2020-05-08 00:00:00-04:00,317.75,321.75,317.5,319.0,1065,0.0,0.0
2020-05-11 00:00:00-04:00,320.0,322.25,318.0,318.5,333,0.0,0.0
2020-05-12 00:00:00-04:00,318.75,324.5,312.75,323.75,274,0.0,0.0
2020-05-13 00:00:00-04:00,323.5,323.5,320.0,320.25,91,0.0,0.0
2020-05-14 00:00:00-04:00,320.25,320.25,320.25,320.25,107147,0.0,0.0
2020-05-15 00:00:00-04:00,317.75,320.5,316.75,319.25,101614,0.0,0.0
2020-05-18 00:00:00-04:00,320.0,322.0,318.0,320.75,99372,0.0,0.0
2020-05-19 00:00:00-04:00,320.75,325.5,320.5,321.25,126375,0.0,0.0
2020-05-20 00:00:00-04:00,321.25,321.5,317.25,319.5,154473,0.0,0.0
2020-05-21 00:00:00-04:00,319.0,320.25,316.25,317.75,115119,0.0,0.0
2020-05-22 00:00:00-04:00,317.75,319.0,316.0,318.0,97188,0.0,0.0
2020-05-26 00:00:00-04:00,316.75,323.0,316.5,319.0,145175,0.0,0.0
2020-05-27 00:00:00-04:00,320.0,321.75,319.25,320.5,78423,0.0,0.0
2020-05-28 00:00:00-04:00,320.25,330.75,319.5,327.5,246973,0.0,0.0
2020-05-29 00:00:00-04:00,327.5,329.5,323.25,325.75,192310,0.0,0.0
2020-06-01 00:00:00-04:00,325.5,327.75,319.25,323.25,151319,0.0,0.0
2020-06-02 00:00:00-04:00,323.5,325.25,322.0,324.25,130469,0.0,0.0
2020-06-03 00:00:00-04:00,324.25,324.5,321.25,324.0,128010,0.0,0.0
2020-06-04 00:00:00-04:00,324.25,329.5,324.0,329.0,155612,0.0,0.0
2020-06-05 00:00:00-04:00,328.75,332.5,328.25,331.25,215912,0.0,0.0
2020-06-08 00:00:00-04:00,333.5,334.75,331.0,333.75,206335,0.0,0.0
2020-06-09 00:00:00-04:00,332.25,334.0,326.75,327.5,253631,0.0,0.0
2020-06-10 00:00:00-04:00,327.25,328.0,324.25,326.25,243286,0.0,0.0
2020-06-11 00:00:00-04:00,326.0,331.0,325.25,329.75,272975,0.0,0.0
2020-06-12 00:00:00-04:00,329.5,333.0,328.25,330.0,236621,0.0,0.0
2020-06-15 00:00:00-04:00,329.25,330.0,325.5,329.25,170741,0.0,0.0
2020-06-16 00:00:00-04:00,331.75,334.5,328.0,329.0,229095,0.0,0.0
2020-06-17 00:00:00-04:00,328.0,331.25,325.0,330.25,225643,0.0,0.0
2020-06-18 00:00:00-04:00,329.75,333.75,328.75,331.0,201444,0.0,0.0
2020-06-19 00:00:00-04:00,329.75,333.75,327.5,332.5,170567,0.0,0.0
2020-06-22 00:00:00-04:00,332.0,332.25,328.0,328.25,134480,0.0,0.0
2020-06-23 00:00:00-04:00,327.5,327.5,321.25,325.0,185863,0.0,0.0
2020-06-24 00:00:00-04:00,324.5,329.0,323.75,324.25,180307,0.0,0.0
2020-06-25 00:00:00-04:00,323.5,324.25,315.0,317.25,194687,0.0,0.0
2020-06-26 00:00:00-04:00,317.0,319.75,313.5,317.0,216581,0.0,0.0
2020-06-29 00:00:00-04:00,316.75,326.5,316.0,326.25,150216,0.0,0.0
2020-06-30 00:00:00-04:00,325.25,342.0,323.75,338.5,21411,0.0,0.0
2020-07-01 00:00:00-04:00,338.5,351.25,337.5,348.25,4582,0.0,0.0
2020-07-02 00:00:00-04:00,347.5,350.25,342.25,342.5,2491,0.0,0.0
2020-07-06 00:00:00-04:00,348.25,349.0,345.25,346.5,2094,0.0,0.0
2020-07-07 00:00:00-04:00,347.5,347.5,341.75,345.0,1273,0.0,0.0
2020-07-08 00:00:00-04:00,343.5,348.5,341.0,348.25,352,0.0,0.0
2020-07-09 00:00:00-04:00,349.0,356.5,348.25,351.25,495,0.0,0.0
2020-07-10 00:00:00-04:00,350.25,352.0,340.0,340.5,806,0.0,0.0
2020-07-13 00:00:00-04:00,337.25,337.25,332.0,334.0,437,0.0,0.0
2020-07-14 00:00:00-04:00,334.0,336.5,324.5,334.75,112416,0.0,0.0
2020-07-15 00:00:00-04:00,326.0,328.75,322.75,326.25,101702,0.0,0.0
2020-07-16 00:00:00-04:00,326.0,333.25,326.0,330.25,109531,0.0,0.0
2020-07-17 00:00:00-04:00,330.25,334.75,330.25,333.0,83693,0.0,0.0
2020-07-20 00:00:00-04:00,333.0,333.5,326.0,328.25,105214,0.0,0.0
2020-07-21 00:00:00-04:00,327.75,327.75,322.0,322.75,132248,0.0,0.0
2020-07-22 00:00:00-04:00,323.0,328.0,322.25,327.5,122910,0.0,0.0
2020-07-23 00:00:00-04:00,327.25,329.5,325.0,328.0,92652,0.0,0.0
2020-07-24 00:00:00-04:00,328.0,329.75,325.5,326.25,144237,0.0,0.0
2020-07-27 00:00:00-04:00,325.25,327.5,323.25,325.0,96017,0.0,0.0
2020-07-28 00:00:00-04:00,323.0,323.5,320.0,320.0,110739,0.0,0.0
2020-07-29 00:00:00-04:00,320.0,321.5,315.25,315.5,136660,0.0,0.0
2020-07-30 00:00:00-04:00,315.5,319.25,315.25,315.75,120454,0.0,0.0
2020-07-31 00:00:00-04:00,315.75,317.5,314.5,316.0,77056,0.0,0.0
2020-08-03 00:00:00-04:00,315.0,318.25,315.0,317.5,83190,0.0,0.0
2020-08-04 00:00:00-04:00,316.5,316.75,308.25,308.25,161834,0.0,0.0
2020-08-05 00:00:00-04:00,309.0,311.25,309.0,311.0,103355,0.0,0.0
2020-08-06 00:00:00-04:00,310.5,312.75,309.5,311.25,106028,0.0,0.0
2020-08-07 00:00:00-04:00,311.0,311.75,307.25,307.75,124482,0.0,0.0
2020-08-10 00:00:00-04:00,307.5,311.75,307.5,310.5,167514,0.0,0.0
2020-08-11 00:00:00-04:00,311.25,315.0,310.25,311.5,170713,0.0,0.0
2020-08-12 00:00:00-04:00,311.25,315.0,308.0,314.5,209796,0.0,0.0
2020-08-13 00:00:00-04:00,315.0,327.5,314.75,325.25,317363,0.0,0.0
2020-08-14 00:00:00-04:00,324.5,325.25,321.5,324.5,160379,0.0,0.0
2020-08-17 00:00:00-04:00,327.0,331.0,326.5,331.0,111934,0.0,0.0
2020-08-18 00:00:00-04:00,330.0,332.0,325.75,327.0,130091,0.0,0.0
2020-08-19 00:00:00-04:00,326.0,327.25,323.5,325.0,87620,0.0,0.0
2020-08-20 00:00:00-04:00,324.25,325.75,320.75,324.5,92738,0.0,0.0
2020-08-21 00:00:00-04:00,324.75,327.75,324.25,327.0,134880,0.0,0.0
2020-08-24 00:00:00-04:00,328.0,332.5,327.5,331.75,126824,0.0,0.0
2020-08-25 00:00:00-04:00,335.0,341.5,334.75,340.75,147003,0.0,0.0
2020-08-26 00:00:00-04:00,340.25,341.25,337.25,340.5,89216,0.0,0.0
2020-08-27 00:00:00-04:00,340.0,344.75,339.0,344.25,123788,0.0,0.0
2020-08-28 00:00:00-04:00,343.25,347.75,340.75,346.0,94064,0.0,0.0
2020-08-31 00:00:00-04:00,348.75,353.0,346.0,348.5,11030,0.0,0.0
2020-09-01 00:00:00-04:00,347.75,350.0,343.25,349.5,3700,0.0,0.0
2020-09-02 00:00:00-04:00,349.25,350.5,345.25,349.75,2609,0.0,0.0
2020-09-03 00:00:00-04:00,349.75,350.0,343.75,344.5,1449,0.0,0.0
2020-09-04 00:00:00-04:00,344.0,349.0,343.5,347.25,1680,0.0,0.0
2020-09-08 00:00:00-04:00,348.0,353.0,346.0,351.0,874,0.0,0.0
2020-09-09 00:00:00-04:00,349.75,351.25,348.5,350.0,112,0.0,0.0
2020-09-10 00:00:00-04:00,349.75,357.75,349.75,357.25,665,0.0,0.0
2020-09-11 00:00:00-04:00,355.5,366.0,355.5,365.0,675,0.0,0.0
2020-09-14 00:00:00-04:00,366.75,366.75,357.5,357.5,137658,0.0,0.0
2020-09-15 00:00:00-04:00,369.0,369.5,365.25,366.0,133018,0.0,0.0
2020-09-16 00:00:00-04:00,365.5,372.0,361.75,371.75,158937,0.0,0.0
2020-09-17 00:00:00-04:00,371.5,377.25,368.0,375.25,235205,0.0,0.0
2020-09-18 00:00:00-04:00,374.25,379.25,373.25,378.5,191291,0.0,0.0
2020-09-21 00:00:00-04:00,377.5,378.25,368.25,369.75,209548,0.0,0.0
2020-09-22 00:00:00-04:00,369.75,373.25,365.75,369.25,159145,0.0,0.0
2020-09-23 00:00:00-04:00,368.25,370.25,365.75,368.5,122193,0.0,0.0
2020-09-24 00:00:00-04:00,368.0,368.25,363.0,363.5,152367,0.0,0.0
2020-09-25 00:00:00-04:00,363.25,367.5,363.0,365.25,130065,0.0,0.0
2020-09-28 00:00:00-04:00,364.25,369.75,360.5,366.75,162085,0.0,0.0
2020-09-29 00:00:00-04:00,366.75,367.75,361.0,364.75,137617,0.0,0.0
2020-09-30 00:00:00-04:00,364.25,382.75,362.0,379.0,337543,0.0,0.0
2020-10-01 00:00:00-04:00,379.0,385.5,378.0,382.75,216356,0.0,0.0
2020-10-02 00:00:00-04:00,381.5,383.25,377.25,379.75,164090,0.0,0.0
2020-10-05 00:00:00-04:00,378.75,382.5,377.75,379.5,119040,0.0,0.0
2020-10-06 00:00:00-04:00,378.5,389.25,378.5,385.0,213443,0.0,0.0
2020-10-07 00:00:00-04:00,384.5,392.0,384.0,388.75,186782,0.0,0.0
2020-10-08 00:00:00-04:00,389.0,394.5,386.5,387.0,202957,0.0,0.0
2020-10-09 00:00:00-04:00,387.0,398.25,386.5,395.0,280954,0.0,0.0
2020-10-12 00:00:00-04:00,395.5,399.25,387.25,389.0,193542,0.0,0.0
2020-10-13 00:00:00-04:00,389.0,392.75,388.0,391.25,130273,0.0,0.0
2020-10-14 00:00:00-04:00,391.0,397.5,388.0,396.5,183507,0.0,0.0
2020-10-15 00:00:00-04:00,396.0,404.25,393.5,403.75,245381,0.0,0.0
2020-10-16 00:00:00-04:00,403.25,409.0,401.75,402.0,226808,0.0,0.0
2020-10-19 00:00:00-04:00,401.75,406.75,400.75,405.25,167466,0.0,0.0
2020-10-20 00:00:00-04:00,404.25,409.75,403.5,408.75,179887,0.0,0.0
2020-10-21 00:00:00-04:00,408.25,415.25,407.75,413.75,216167,0.0,0.0
2020-10-22 00:00:00-04:00,413.75,419.0,410.75,416.25,196234,0.0,0.0
2020-10-23 00:00:00-04:00,415.0,420.0,414.0,419.25,168924,0.0,0.0
2020-10-26 00:00:00-04:00,419.25,419.75,412.75,417.75,206162,0.0,0.0
2020-10-27 00:00:00-04:00,416.75,422.25,415.5,416.0,207081,0.0,0.0
2020-10-28 00:00:00-04:00,415.0,415.25,400.5,401.5,320256,0.0,0.0
2020-10-29 00:00:00-04:00,401.0,404.25,393.0,398.5,279411,0.0,0.0
2020-10-30 00:00:00-04:00,397.25,400.0,394.25,398.5,209475,0.0,0.0
2020-11-02 00:00:00-05:00,396.0,397.75,393.0,397.5,165146,0.0,0.0
2020-11-03 00:00:00-05:00,396.25,403.25,395.25,401.0,184363,0.0,0.0
2020-11-04 00:00:00-05:00,400.0,406.0,396.5,405.25,176330,0.0,0.0
2020-11-05 00:00:00-05:00,405.0,417.25,404.0,409.25,245189,0.0,0.0
2020-11-06 00:00:00-05:00,409.0,412.0,405.75,406.75,200681,0.0,0.0
2020-11-09 00:00:00-05:00,405.75,410.0,401.75,407.5,204111,0.0,0.0
2020-11-10 00:00:00-05:00,407.0,427.25,406.25,423.0,355814,0.0,0.0
2020-11-11 00:00:00-05:00,422.5,428.0,416.25,417.25,306427,0.0,0.0
2020-11-12 00:00:00-05:00,417.25,418.5,406.25,408.25,234330,0.0,0.0
2020-11-13 00:00:00-05:00,407.5,413.25,403.75,410.5,188493,0.0,0.0
2020-11-16 00:00:00-05:00,409.0,416.75,409.0,416.25,132116,0.0,0.0
2020-11-17 00:00:00-05:00,417.5,422.0,417.25,420.25,156573,0.0,0.0
2020-11-18 00:00:00-05:00,419.0,428.5,418.5,425.75,205431,0.0,0.0
2020-11-19 00:00:00-05:00,424.5,425.5,418.75,422.5,133305,0.0,0.0
2020-11-20 00:00:00-05:00,422.25,428.0,421.5,423.25,137243,0.0,0.0
2020-11-23 00:00:00-05:00,427.5,429.75,423.5,426.5,153801,0.0,0.0
2020-11-24 00:00:00-05:00,425.75,426.5,416.5,425.75,144304,0.0,0.0
2020-11-25 00:00:00-05:00,426.0,427.5,420.0,420.0,124261,0.0,0.0
2020-11-27 00:00:00-05:00,420.25,426.25,418.5,425.5,68262,0.0,0.0
2020-11-30 00:00:00-05:00,427.5,430.5,418.25,419.75,14701,0.0,0.0
2020-12-01 00:00:00-05:00,420.0,423.0,414.0,414.75,5316,0.0,0.0
2020-12-02 00:00:00-05:00,414.5,419.75,409.0,419.0,3551,0.0,0.0
2020-12-03 00:00:00-05:00,419.25,423.25,417.75,422.5,2379,0.0,0.0
2020-12-04 00:00:00-05:00,422.25,422.75,415.75,417.0,1675,0.0,0.0
2020-12-07 00:00:00-05:00,415.25,421.0,412.0,419.5,1156,0.0,0.0
2020-12-08 00:00:00-05:00,418.75,419.0,415.5,417.0,1757,0.0,0.0
2020-12-09 00:00:00-05:00,418.0,422.25,418.0,422.0,1079,0.0,0.0
2020-12-10 00:00:00-05:00,422.0,425.75,420.0,420.25,1262,0.0,0.0
2020-12-11 00:00:00-05:00,422.0,424.5,417.5,424.25,1724,0.0,0.0
2020-12-14 00:00:00-05:00,424.75,429.75,419.25,419.25,108692,0.0,0.0
2020-12-15 00:00:00-05:00,424.0,425.25,420.5,424.75,98612,0.0,0.0
2020-12-16 00:00:00-05:00,425.25,429.25,423.75,427.25,111651,0.0,0.0
2020-12-17 00:00:00-05:00,426.25,433.0,424.25,432.5,119655,0.0,0.0
2020-12-18 00:00:00-05:00,432.25,438.5,432.0,437.5,128812,0.0,0.0
2020-12-21 00:00:00-05:00,438.0,440.75,430.25,440.0,141947,0.0,0.0
2020-12-22 00:00:00-05:00,440.0,444.25,437.25,443.5,140992,0.0,0.0
2020-12-23 00:00:00-05:00,442.75,449.75,441.5,447.25,147651,0.0,0.0
2020-12-24 00:00:00-05:00,446.75,451.5,446.5,451.0,74879,0.0,0.0
2020-12-28 00:00:00-05:00,452.0,457.5,448.0,456.5,145219,0.0,0.0
2020-12-29 00:00:00-05:00,455.75,467.25,453.5,466.0,191298,0.0,0.0
2020-12-30 00:00:00-05:00,466.0,476.0,462.0,474.5,163367,0.0,0.0
2020-12-31 00:00:00-05:00,474.0,485.75,473.0,484.0,168459,0.0,0.0
2021-01-04 00:00:00-05:00,487.25,497.75,479.5,483.75,265157,0.0,0.0
2021-01-05 00:00:00-05:00,484.5,496.0,482.5,491.75,219646,0.0,0.0
2021-01-06 00:00:00-05:00,492.5,502.75,491.5,495.0,202374,0.0,0.0
2021-01-07 00:00:00-05:00,495.0,496.0,487.25,494.0,185782,0.0,0.0
2021-01-08 00:00:00-05:00,494.0,499.5,492.5,496.25,163270,0.0,0.0
2021-01-11 00:00:00-05:00,496.5,500.5,490.25,492.25,176563,0.0,0.0
2021-01-12 00:00:00-05:00,491.5,517.25,489.25,517.25,248448,0.0,0.0
2021-01-13 00:00:00-05:00,524.0,541.5,522.25,524.5,327689,0.0,0.0
2021-01-14 00:00:00-05:00,523.0,536.5,519.0,534.25,210370,0.0,0.0
2021-01-15 00:00:00-05:00,534.0,536.5,527.75,531.5,167504,0.0,0.0
2021-01-19 00:00:00-05:00,531.5,534.25,523.25,526.0,188564,0.0,0.0
2021-01-20 00:00:00-05:00,525.0,526.5,512.75,522.0,217777,0.0,0.0
2021-01-21 00:00:00-05:00,521.0,531.5,519.25,524.25,169566,0.0,0.0
2021-01-22 00:00:00-05:00,522.5,522.75,499.25,500.5,289548,0.0,0.0
2021-01-25 00:00:00-05:00,500.0,515.5,492.5,511.5,264763,0.0,0.0
2021-01-26 00:00:00-05:00,513.0,534.25,508.0,532.25,232259,0.0,0.0
2021-01-27 00:00:00-05:00,532.5,543.75,529.5,534.0,223887,0.0,0.0
2021-01-28 00:00:00-05:00,533.25,550.5,529.0,534.5,252543,0.0,0.0
2021-01-29 00:00:00-05:00,534.5,553.75,533.25,547.0,279607,0.0,0.0
2021-02-01 00:00:00-05:00,549.0,555.75,539.0,549.25,219066,0.0,0.0
2021-02-02 00:00:00-05:00,549.75,552.5,540.25,543.0,175739,0.0,0.0
2021-02-03 00:00:00-05:00,543.25,552.5,536.5,552.0,210137,0.0,0.0
2021-02-04 00:00:00-05:00,552.0,558.0,547.0,550.0,217079,0.0,0.0
2021-02-05 00:00:00-05:00,548.5,552.25,545.5,548.5,216445,0.0,0.0
2021-02-08 00:00:00-05:00,548.75,565.75,548.75,563.75,267647,0.0,0.0
2021-02-09 00:00:00-05:00,565.0,574.25,545.0,556.25,390741,0.0,0.0
2021-02-10 00:00:00-05:00,556.0,556.25,531.75,534.5,285720,0.0,0.0
2021-02-11 00:00:00-05:00,532.25,546.5,524.75,541.0,261046,0.0,0.0
2021-02-12 00:00:00-05:00,541.0,546.25,536.75,538.75,117970,0.0,0.0
2021-02-16 00:00:00-05:00,547.0,552.75,538.5,552.25,146173,0.0,0.0
2021-02-17 00:00:00-05:00,552.0,554.75,547.5,553.0,121352,0.0,0.0
2021-02-18 00:00:00-05:00,552.75,554.5,548.0,550.25,123409,0.0,0.0
2021-02-19 00:00:00-05:00,549.25,555.5,540.75,542.75,203468,0.0,0.0
2021-02-22 00:00:00-05:00,544.25,551.5,543.5,551.0,140629,0.0,0.0
2021-02-23 00:00:00-05:00,550.75,559.5,550.0,553.75,134967,0.0,0.0
2021-02-24 00:00:00-05:00,553.5,560.75,552.0,559.25,174397,0.0,0.0
2021-02-25 00:00:00-05:00,559.0,560.5,542.5,554.75,128538,0.0,0.0
2021-02-26 00:00:00-05:00,554.5,556.5,546.25,555.5,21395,0.0,0.0
2021-03-01 00:00:00-05:00,560.5,562.5,547.0,547.5,6534,0.0,0.0
2021-03-02 00:00:00-05:00,547.25,564.0,542.0,560.75,8112,0.0,0.0
2021-03-03 00:00:00-05:00,560.0,560.0,548.0,550.25,3809,0.0,0.0
2021-03-04 00:00:00-05:00,550.25,554.25,546.0,546.25,2129,0.0,0.0
2021-03-05 00:00:00-05:00,545.0,564.75,544.5,562.0,1441,0.0,0.0
2021-03-08 00:00:00-05:00,565.25,571.25,557.0,565.0,2320,0.0,0.0
2021-03-09 00:00:00-05:00,565.0,565.0,554.25,562.0,2224,0.0,0.0
2021-03-10 00:00:00-05:00,564.5,564.5,547.5,547.75,1986,0.0,0.0
2021-03-11 00:00:00-05:00,547.0,556.25,547.0,555.0,672,0.0,0.0
2021-03-12 00:00:00-05:00,545.0,551.5,544.5,549.25,123442,0.0,0.0
2021-03-15 00:00:00-04:00,537.0,550.75,532.75,549.5,140615,0.0,0.0
2021-03-16 00:00:00-04:00,549.5,555.5,546.75,554.25,132710,0.0,0.0
2021-03-17 00:00:00-04:00,554.0,558.5,552.0,558.0,129647,0.0,0.0
2021-03-18 00:00:00-04:00,556.75,558.0,545.25,546.5,157912,0.0,0.0
2021-03-19 00:00:00-04:00,546.25,559.0,545.5,557.75,158521,0.0,0.0
2021-03-22 00:00:00-04:00,558.0,558.75,546.75,549.0,129296,0.0,0.0
2021-03-23 00:00:00-04:00,551.25,556.0,547.75,551.25,122094,0.0,0.0
2021-03-24 00:00:00-04:00,551.0,553.75,548.25,553.25,92011,0.0,0.0
2021-03-25 00:00:00-04:00,552.25,552.5,541.5,546.5,142181,0.0,0.0
2021-03-26 00:00:00-04:00,546.5,554.0,544.0,552.5,124031,0.0,0.0
2021-03-29 00:00:00-04:00,551.75,552.0,542.25,546.75,119797,0.0,0.0
2021-03-30 00:00:00-04:00,546.25,547.5,533.75,539.25,136033,0.0,0.0
2021-03-31 00:00:00-04:00,538.25,564.25,536.25,564.25,145896,0.0,0.0
2021-04-01 00:00:00-04:00,575.0,585.0,556.5,559.75,249753,0.0,0.0
2021-04-05 00:00:00-04:00,561.25,564.5,549.75,553.25,143679,0.0,0.0
2021-04-06 00:00:00-04:00,553.75,561.5,552.25,554.25,134848,0.0,0.0
2021-04-07 00:00:00-04:00,555.75,562.25,553.75,560.5,158002,0.0,0.0
2021-04-08 00:00:00-04:00,560.75,583.0,559.25,579.75,258786,0.0,0.0
2021-04-09 00:00:00-04:00,579.0,595.0,575.5,577.25,249738,0.0,0.0
2021-04-12 00:00:00-04:00,577.75,586.0,567.25,569.0,198642,0.0,0.0
2021-04-13 00:00:00-04:00,569.0,584.5,565.5,580.0,225715,0.0,0.0
2021-04-14 00:00:00-04:00,579.75,597.75,578.75,594.0,242724,0.0,0.0
2021-04-15 00:00:00-04:00,594.25,601.5,587.75,590.0,176855,0.0,0.0
2021-04-16 00:00:00-04:00,590.5,594.75,583.25,585.5,165261,0.0,0.0
2021-04-19 00:00:00-04:00,588.75,596.75,588.25,592.0,105991,0.0,0.0
2021-04-20 00:00:00-04:00,593.0,611.75,592.75,606.5,180193,0.0,0.0
2021-04-21 00:00:00-04:00,609.5,628.5,604.5,625.5,163261,0.0,0.0
2021-04-22 00:00:00-04:00,624.25,650.5,623.5,650.5,147251,0.0,0.0
2021-04-23 00:00:00-04:00,653.0,658.5,638.25,655.5,157732,0.0,0.0
2021-04-26 00:00:00-04:00,661.0,680.5,661.0,680.5,157505,0.0,0.0
2021-04-27 00:00:00-04:00,688.5,720.5,680.5,695.5,166136,0.0,0.0
2021-04-28 00:00:00-04:00,697.75,720.5,676.25,686.25,107987,0.0,0.0
2021-04-29 00:00:00-04:00,683.75,704.5,681.0,702.0,30786,0.0,0.0
2021-04-30 00:00:00-04:00,702.5,746.25,699.25,740.0,9862,0.0,0.0
2021-05-03 00:00:00-04:00,740.0,758.25,724.0,732.25,3094,0.0,0.0
2021-05-04 00:00:00-04:00,732.0,758.25,730.0,744.75,1827,0.0,0.0
2021-05-05 00:00:00-04:00,750.0,756.0,740.75,753.25,1778,0.0,0.0
2021-05-06 00:00:00-04:00,761.0,768.0,746.25,759.5,2419,0.0,0.0
2021-05-07 00:00:00-04:00,763.25,775.0,755.0,772.75,680,0.0,0.0
2021-05-10 00:00:00-04:00,766.75,770.5,744.75,748.0,814,0.0,0.0
2021-05-11 00:00:00-04:00,747.25,771.5,747.25,759.5,404,0.0,0.0
2021-05-12 00:00:00-04:00,764.25,769.25,750.0,757.5,328,0.0,0.0
2021-05-13 00:00:00-04:00,757.5,769.0,717.5,719.0,307,0.0,0.0
2021-05-14 00:00:00-04:00,717.25,718.75,685.0,685.0,313038,0.0,0.0
2021-05-17 00:00:00-04:00,642.25,656.75,633.0,652.5,185347,0.0,0.0
2021-05-18 00:00:00-04:00,653.5,669.5,652.5,658.25,161908,0.0,0.0
2021-05-19 00:00:00-04:00,660.5,663.0,637.0,658.25,136686,0.0,0.0
2021-05-20 00:00:00-04:00,662.25,671.25,656.5,664.5,119730,0.0,0.0
2021-05-21 00:00:00-04:00,664.75,666.75,653.5,659.5,109618,0.0,0.0
2021-05-24 00:00:00-04:00,652.25,658.5,645.5,657.25,106865,0.0,0.0
2021-05-25 00:00:00-04:00,660.0,661.75,617.25,620.25,211650,0.0,0.0
2021-05-26 00:00:00-04:00,621.0,629.0,602.75,624.5,182610,0.0,0.0
2021-05-27 00:00:00-04:00,626.0,664.5,621.25,664.5,160605,0.0,0.0
2021-05-28 00:00:00-04:00,666.25,672.75,651.25,656.75,150329,0.0,0.0
2021-06-01 00:00:00-04:00,666.0,696.75,660.75,688.75,163972,0.0,0.0
2021-06-02 00:00:00-04:00,683.25,694.25,666.0,675.0,163861,0.0,0.0
2021-06-03 00:00:00-04:00,675.5,685.0,652.75,662.0,166363,0.0,0.0
2021-06-04 00:00:00-04:00,663.5,685.75,660.75,682.75,142300,0.0,0.0
2021-06-07 00:00:00-04:00,695.0,706.25,674.5,679.25,254039,0.0,0.0
2021-06-08 00:00:00-04:00,682.0,698.0,677.5,680.0,224000,0.0,0.0
2021-06-09 00:00:00-04:00,682.5,695.5,669.5,690.75,214261,0.0,0.0
2021-06-10 00:00:00-04:00,691.0,717.5,687.75,699.0,256320,0.0,0.0
2021-06-11 00:00:00-04:00,699.5,703.0,673.0,684.5,233946,0.0,0.0
2021-06-14 00:00:00-04:00,675.75,676.25,653.0,659.25,159570,0.0,0.0
2021-06-15 00:00:00-04:00,662.75,668.5,646.75,667.5,176454,0.0,0.0
2021-06-16 00:00:00-04:00,670.0,687.75,663.75,673.0,169908,0.0,0.0
2021-06-17 00:00:00-04:00,672.75,674.25,633.0,633.0,192026,0.0,0.0
2021-06-18 00:00:00-04:00,631.0,663.5,629.5,655.25,184523,0.0,0.0
2021-06-21 00:00:00-04:00,640.25,665.0,636.0,659.25,127442,0.0,0.0
2021-06-22 00:00:00-04:00,662.75,668.0,653.75,659.75,145930,0.0,0.0
2021-06-23 00:00:00-04:00,660.5,666.25,659.25,664.25,127090,0.0,0.0
2021-06-24 00:00:00-04:00,664.0,664.0,650.75,653.25,143749,0.0,0.0
2021-06-25 00:00:00-04:00,653.25,659.5,634.0,636.5,123016,0.0,0.0
2021-06-28 00:00:00-04:00,637.75,676.5,636.75,675.5,83833,0.0,0.0
2021-06-29 00:00:00-04:00,678.25,700.0,668.0,694.5,58727,0.0,0.0
2021-06-30 00:00:00-04:00,694.0,743.25,675.5,720.0,18226,0.0,0.0
2021-07-01 00:00:00-04:00,719.75,744.5,712.25,719.75,4706,0.0,0.0
2021-07-02 00:00:00-04:00,720.0,727.0,683.0,697.25,4751,0.0,0.0
2021-07-06 00:00:00-04:00,685.25,685.25,645.5,656.0,1707,0.0,0.0
2021-07-07 00:00:00-04:00,656.0,666.0,645.0,652.5,590,0.0,0.0
2021-07-08 00:00:00-04:00,657.5,659.5,636.0,638.0,497,0.0,0.0
2021-07-09 00:00:00-04:00,640.75,643.5,620.0,629.75,530,0.0,0.0
2021-07-12 00:00:00-04:00,629.75,669.25,619.5,669.25,431,0.0,0.0
2021-07-13 00:00:00-04:00,669.5,750.5,664.0,677.0,329,0.0,0.0
2021-07-14 00:00:00-04:00,682.0,687.0,682.0,683.0,88996,0.0,0.0
2021-07-15 00:00:00-04:00,568.5,571.5,561.0,564.25,69356,0.0,0.0
2021-07-16 00:00:00-04:00,564.0,570.5,553.25,556.0,83019,0.0,0.0
2021-07-19 00:00:00-04:00,570.0,571.5,548.75,556.0,67343,0.0,0.0
2021-07-20 00:00:00-04:00,558.0,576.25,557.25,571.75,77004,0.0,0.0
2021-07-21 00:00:00-04:00,572.0,579.0,567.75,571.75,78998,0.0,0.0
2021-07-22 00:00:00-04:00,571.5,571.75,555.0,564.5,81023,0.0,0.0
2021-07-23 00:00:00-04:00,564.75,569.25,544.5,547.25,81447,0.0,0.0
2021-07-26 00:00:00-04:00,549.25,551.25,536.75,549.75,72948,0.0,0.0
2021-07-27 00:00:00-04:00,554.0,564.0,544.25,548.75,67236,0.0,0.0
2021-07-28 00:00:00-04:00,554.0,554.25,545.0,549.25,62378,0.0,0.0
2021-07-29 00:00:00-04:00,549.25,559.0,546.5,558.0,71556,0.0,0.0
2021-07-30 00:00:00-04:00,557.0,557.75,546.5,547.0,65198,0.0,0.0
2021-08-02 00:00:00-04:00,547.25,559.25,540.25,558.75,83836,0.0,0.0
2021-08-03 00:00:00-04:00,555.75,563.5,546.75,550.5,95208,0.0,0.0
2021-08-04 00:00:00-04:00,550.5,555.25,540.25,545.75,70049,0.0,0.0
2021-08-05 00:00:00-04:00,546.75,560.75,545.75,555.75,92967,0.0,0.0
2021-08-06 00:00:00-04:00,555.0,560.5,548.75,555.0,142762,0.0,0.0
2021-08-09 00:00:00-04:00,554.0,556.0,547.0,550.25,144339,0.0,0.0
2021-08-10 00:00:00-04:00,548.5,550.25,544.0,549.25,143634,0.0,0.0
2021-08-11 00:00:00-04:00,548.75,558.5,548.25,556.25,184260,0.0,0.0
2021-08-12 00:00:00-04:00,554.75,589.5,548.5,567.0,247372,0.0,0.0
2021-08-13 00:00:00-04:00,566.75,575.0,559.0,568.25,97466,0.0,0.0
2021-08-16 00:00:00-04:00,568.25,572.0,561.0,564.75,60693,0.0,0.0
2021-08-17 00:00:00-04:00,567.5,569.5,556.25,558.25,67739,0.0,0.0
2021-08-18 00:00:00-04:00,559.0,563.5,556.5,561.75,64048,0.0,0.0
2021-08-19 00:00:00-04:00,560.5,560.5,546.75,550.0,90493,0.0,0.0
2021-08-20 00:00:00-04:00,550.25,554.25,533.25,538.75,83003,0.0,0.0
2021-08-23 00:00:00-04:00,536.0,544.25,531.5,538.0,50271,0.0,0.0
2021-08-24 00:00:00-04:00,539.5,546.5,537.0,544.5,82653,0.0,0.0
2021-08-25 00:00:00-04:00,544.5,555.0,541.25,551.25,80083,0.0,0.0
2021-08-26 00:00:00-04:00,550.0,555.75,548.0,552.75,73859,0.0,0.0
2021-08-27 00:00:00-04:00,553.0,558.75,548.75,558.0,107357,0.0,0.0
2021-08-30 00:00:00-04:00,557.25,560.0,531.5,540.25,73569,0.0,0.0
2021-08-31 00:00:00-04:00,540.0,542.0,524.0,534.0,8135,0.0,0.0
2021-09-01 00:00:00-04:00,534.0,535.0,514.25,515.5,5192,0.0,0.0
2021-09-02 00:00:00-04:00,515.5,521.0,510.0,516.25,1319,0.0,0.0
2021-09-03 00:00:00-04:00,516.75,518.25,506.75,508.0,967,0.0,0.0
2021-09-07 00:00:00-04:00,509.0,509.0,495.75,495.75,734,0.0,0.0
2021-09-08 00:00:00-04:00,497.5,504.0,495.0,498.25,451,0.0,0.0
2021-09-09 00:00:00-04:00,498.5,500.0,494.5,496.0,164,0.0,0.0
2021-09-10 00:00:00-04:00,499.0,505.0,487.75,502.75,370,0.0,0.0
2021-09-13 00:00:00-04:00,503.5,503.5,493.0,496.75,313,0.0,0.0
2021-09-14 00:00:00-04:00,497.0,503.0,497.0,503.0,114271,0.0,0.0
2021-09-15 00:00:00-04:00,520.75,534.5,520.5,533.5,152827,0.0,0.0
2021-09-16 00:00:00-04:00,533.5,537.5,528.0,529.5,118905,0.0,0.0
2021-09-17 00:00:00-04:00,529.0,530.5,521.75,527.25,109533,0.0,0.0
2021-09-20 00:00:00-04:00,527.0,527.0,515.25,521.75,125356,0.0,0.0
2021-09-21 00:00:00-04:00,522.0,522.75,512.75,517.0,119145,0.0,0.0
2021-09-22 00:00:00-04:00,517.0,526.25,516.0,525.5,112326,0.0,0.0
2021-09-23 00:00:00-04:00,524.5,531.0,520.25,529.25,95990,0.0,0.0
2021-09-24 00:00:00-04:00,528.5,528.75,524.0,526.75,93098,0.0,0.0
2021-09-27 00:00:00-04:00,524.75,540.0,524.0,539.5,144946,0.0,0.0
2021-09-28 00:00:00-04:00,538.75,541.75,532.0,532.5,125830,0.0,0.0
2021-09-29 00:00:00-04:00,533.5,541.0,533.5,539.0,107220,0.0,0.0
2021-09-30 00:00:00-04:00,539.0,548.5,527.25,536.75,222135,0.0,0.0
2021-10-01 00:00:00-04:00,536.75,545.25,532.0,541.5,135599,0.0,0.0
2021-10-04 00:00:00-04:00,540.0,547.5,536.0,540.75,132923,0.0,0.0
2021-10-05 00:00:00-04:00,540.0,543.0,535.25,537.5,119598,0.0,0.0
2021-10-06 00:00:00-04:00,537.0,544.75,531.5,532.25,126943,0.0,0.0
2021-10-07 00:00:00-04:00,532.75,535.25,527.5,534.0,104997,0.0,0.0
2021-10-08 00:00:00-04:00,533.25,538.75,530.0,530.5,95481,0.0,0.0
2021-10-11 00:00:00-04:00,530.0,534.0,528.75,533.0,104166,0.0,0.0
2021-10-12 00:00:00-04:00,532.75,533.0,519.25,522.5,196596,0.0,0.0
2021-10-13 00:00:00-04:00,523.0,525.25,506.75,512.25,203330,0.0,0.0
2021-10-14 00:00:00-04:00,512.25,518.25,511.0,516.75,140335,0.0,0.0
2021-10-15 00:00:00-04:00,516.25,528.5,514.25,525.75,130243,0.0,0.0
2021-10-18 00:00:00-04:00,525.75,533.75,523.0,532.75,119583,0.0,0.0
2021-10-19 00:00:00-04:00,532.0,537.0,529.5,530.25,119081,0.0,0.0
2021-10-20 00:00:00-04:00,530.0,540.0,528.5,539.25,129884,0.0,0.0
2021-10-21 00:00:00-04:00,539.0,540.0,530.75,532.25,119388,0.0,0.0
2021-10-22 00:00:00-04:00,533.0,540.0,532.0,538.0,109345,0.0,0.0
2021-10-25 00:00:00-04:00,537.0,542.0,535.0,538.0,107050,0.0,0.0
2021-10-26 00:00:00-04:00,538.0,547.25,533.0,543.5,146995,0.0,0.0
2021-10-27 00:00:00-04:00,542.5,563.25,539.5,557.25,241141,0.0,0.0
2021-10-28 00:00:00-04:00,556.5,568.75,554.0,562.75,164258,0.0,0.0
2021-10-29 00:00:00-04:00,562.5,569.25,558.75,568.25,135195,0.0,0.0
2021-11-01 00:00:00-04:00,568.0,582.0,565.25,579.0,197409,0.0,0.0
2021-11-02 00:00:00-04:00,578.25,586.0,572.0,573.0,174067,0.0,0.0
2021-11-03 00:00:00-04:00,572.0,573.25,563.0,564.0,149892,0.0,0.0
2021-11-04 00:00:00-04:00,563.75,569.75,556.5,559.25,149483,0.0,0.0
2021-11-05 00:00:00-04:00,560.0,562.75,552.25,553.0,192123,0.0,0.0
2021-11-08 00:00:00-05:00,552.0,554.75,549.5,551.5,166976,0.0,0.0
2021-11-09 00:00:00-05:00,551.0,564.0,547.75,554.75,246899,0.0,0.0
2021-11-10 00:00:00-05:00,555.5,571.75,555.0,569.25,209267,0.0,0.0
2021-11-11 00:00:00-05:00,567.75,579.0,566.0,569.5,264523,0.0,0.0
2021-11-12 00:00:00-05:00,569.25,582.0,566.75,577.25,163539,0.0,0.0
2021-11-15 00:00:00-05:00,576.25,578.75,569.75,576.5,128056,0.0,0.0
2021-11-16 00:00:00-05:00,576.0,577.5,570.0,571.0,137344,0.0,0.0
2021-11-17 00:00:00-05:00,570.75,584.0,570.0,575.25,185381,0.0,0.0
2021-11-18 00:00:00-05:00,575.0,583.0,572.0,573.0,171416,0.0,0.0
2021-11-19 00:00:00-05:00,573.0,576.0,568.0,570.75,130524,0.0,0.0
2021-11-22 00:00:00-05:00,570.5,579.0,569.75,576.75,172298,0.0,0.0
2021-11-23 00:00:00-05:00,576.25,581.0,572.5,580.5,179297,0.0,0.0
2021-11-24 00:00:00-05:00,580.25,589.0,575.5,579.75,265928,0.0,0.0
2021-11-26 00:00:00-05:00,571.5,588.0,566.75,586.75,180220,0.0,0.0
2021-11-29 00:00:00-05:00,586.0,588.25,576.5,581.0,158234,0.0,0.0
2021-11-30 00:00:00-05:00,581.0,582.0,562.0,567.0,24986,0.0,0.0
2021-12-01 00:00:00-05:00,568.0,576.0,567.0,572.0,6270,0.0,0.0
2021-12-02 00:00:00-05:00,571.25,583.0,570.0,577.0,6237,0.0,0.0
2021-12-03 00:00:00-05:00,576.25,588.75,576.25,586.0,3442,0.0,0.0
2021-12-06 00:00:00-05:00,586.0,586.0,578.0,583.5,2208,0.0,0.0
2021-12-07 00:00:00-05:00,584.0,589.5,579.5,586.25,1887,0.0,0.0
2021-12-08 00:00:00-05:00,585.0,589.0,584.0,584.75,2372,0.0,0.0
2021-12-09 00:00:00-05:00,585.75,591.25,576.75,588.5,2082,0.0,0.0
2021-12-10 00:00:00-05:00,588.5,592.0,585.0,588.5,862,0.0,0.0
2021-12-13 00:00:00-05:00,587.5,588.0,580.75,584.25,927,0.0,0.0
2021-12-14 00:00:00-05:00,583.25,591.0,576.75,588.75,117292,0.0,0.0
2021-12-15 00:00:00-05:00,590.0,596.5,582.0,585.75,138521,0.0,0.0
2021-12-16 00:00:00-05:00,587.5,592.0,584.5,591.25,101262,0.0,0.0
2021-12-17 00:00:00-05:00,591.0,598.75,589.25,593.25,129569,0.0,0.0
2021-12-20 00:00:00-05:00,595.0,595.75,587.0,591.0,106042,0.0,0.0
2021-12-21 00:00:00-05:00,591.0,599.0,589.5,598.25,119312,0.0,0.0
2021-12-22 00:00:00-05:00,597.5,606.75,597.0,602.5,154966,0.0,0.0
2021-12-23 00:00:00-05:00,601.5,607.0,600.5,605.75,108565,0.0,0.0
2021-12-27 00:00:00-05:00,608.25,615.5,607.0,614.75,123211,0.0,0.0
2021-12-28 00:00:00-05:00,614.25,617.75,603.75,604.75,134208,0.0,0.0
2021-12-29 00:00:00-05:00,604.0,610.75,599.5,605.5,117570,0.0,0.0
2021-12-30 00:00:00-05:00,605.5,606.0,592.75,596.0,122776,0.0,0.0
2021-12-31 00:00:00-05:00,595.75,599.25,592.5,593.25,69868,0.0,0.0
2022-01-03 00:00:00-05:00,599.0,603.5,584.75,589.25,146023,0.0,0.0
2022-01-04 00:00:00-05:00,591.75,611.25,591.5,609.5,210268,0.0,0.0
2022-01-05 00:00:00-05:00,608.5,609.75,601.25,602.25,148499,0.0,0.0
2022-01-06 00:00:00-05:00,601.25,605.75,596.0,603.75,151442,0.0,0.0
2022-01-07 00:00:00-05:00,605.25,608.25,599.0,606.75,140371,0.0,0.0
2022-01-10 00:00:00-05:00,605.25,608.0,596.25,599.75,135265,0.0,0.0
2022-01-11 00:00:00-05:00,599.75,604.75,598.0,601.0,128305,0.0,0.0
2022-01-12 00:00:00-05:00,601.0,604.0,591.0,599.0,181633,0.0,0.0
2022-01-13 00:00:00-05:00,599.0,599.75,585.25,587.5,186546,0.0,0.0
2022-01-14 00:00:00-05:00,587.5,598.25,585.25,596.25,140634,0.0,0.0
2022-01-18 00:00:00-05:00,592.75,600.75,588.25,599.5,141742,0.0,0.0
2022-01-19 00:00:00-05:00,600.0,614.5,600.0,610.5,179943,0.0,0.0
2022-01-20 00:00:00-05:00,609.0,614.25,606.25,611.0,127683,0.0,0.0
2022-01-21 00:00:00-05:00,607.5,618.5,604.25,616.25,187471,0.0,0.0
2022-01-24 00:00:00-05:00,617.5,621.5,609.25,621.0,194809,0.0,0.0
2022-01-25 00:00:00-05:00,620.0,631.0,618.5,620.0,298396,0.0,0.0
2022-01-26 00:00:00-05:00,619.0,627.75,615.0,627.0,172723,0.0,0.0
2022-01-27 00:00:00-05:00,625.0,627.75,621.25,625.25,151696,0.0,0.0
2022-01-28 00:00:00-05:00,623.25,637.25,623.0,636.0,188658,0.0,0.0
2022-01-31 00:00:00-05:00,635.75,642.5,622.5,626.0,243891,0.0,0.0
2022-02-01 00:00:00-05:00,626.0,639.5,624.5,634.75,196298,0.0,0.0
2022-02-02 00:00:00-05:00,634.5,640.75,616.75,622.5,275662,0.0,0.0
2022-02-03 00:00:00-05:00,622.5,624.25,610.25,616.75,215871,0.0,0.0
2022-02-04 00:00:00-05:00,618.5,623.25,613.25,620.5,181430,0.0,0.0
2022-02-07 00:00:00-05:00,628.75,636.75,624.75,635.25,232607,0.0,0.0
2022-02-08 00:00:00-05:00,636.5,636.75,627.25,632.25,200583,0.0,0.0
2022-02-09 00:00:00-05:00,632.25,647.75,630.5,646.75,320406,0.0,0.0
2022-02-10 00:00:00-05:00,646.0,662.75,638.75,641.75,372991,0.0,0.0
2022-02-11 00:00:00-05:00,641.0,657.75,637.75,651.0,243969,0.0,0.0
2022-02-14 00:00:00-05:00,651.25,656.75,642.5,655.75,144923,0.0,0.0
2022-02-15 00:00:00-05:00,655.0,655.5,635.5,638.0,177958,0.0,0.0
2022-02-16 00:00:00-05:00,637.75,647.75,636.25,647.0,126554,0.0,0.0
2022-02-17 00:00:00-05:00,645.5,652.0,642.75,650.0,121279,0.0,0.0
2022-02-18 00:00:00-05:00,648.5,658.0,647.0,654.25,154047,0.0,0.0
2022-02-22 00:00:00-05:00,657.75,676.75,657.75,674.75,168824,0.0,0.0
2022-02-23 00:00:00-05:00,674.0,685.0,669.25,683.75,154730,0.0,0.0
2022-02-24 00:00:00-05:00,683.5,718.75,682.0,695.0,161611,0.0,0.0
2022-02-25 00:00:00-05:00,696.75,707.0,657.0,659.5,94802,0.0,0.0
2022-02-28 00:00:00-05:00,688.0,704.75,679.0,697.5,15651,0.0,0.0
2022-03-01 00:00:00-05:00,699.75,744.25,699.75,739.75,7258,0.0,0.0
2022-03-02 00:00:00-05:00,741.75,760.0,723.0,739.0,3350,0.0,0.0
2022-03-03 00:00:00-05:00,745.0,778.5,745.0,751.25,3447,0.0,0.0
2022-03-04 00:00:00-05:00,761.75,800.0,741.0,756.5,2186,0.0,0.0
2022-03-07 00:00:00-05:00,782.75,782.75,742.75,749.25,1309,0.0,0.0
2022-03-08 00:00:00-05:00,747.5,759.0,724.0,754.5,547,0.0,0.0
2022-03-09 00:00:00-05:00,756.25,757.25,734.0,735.0,188,0.0,0.0
2022-03-10 00:00:00-05:00,738.5,768.0,738.5,757.75,74,0.0,0.0
2022-03-11 00:00:00-05:00,758.0,768.5,755.0,764.5,233,0.0,0.0
2022-03-14 00:00:00-04:00,745.0,752.0,725.5,728.25,104100,0.0,0.0
2022-03-15 00:00:00-04:00,745.25,759.0,736.0,758.0,89348,0.0,0.0
2022-03-16 00:00:00-04:00,756.75,757.0,726.75,730.0,106537,0.0,0.0
2022-03-17 00:00:00-04:00,730.0,757.5,728.5,754.5,90267,0.0,0.0
2022-03-18 00:00:00-04:00,753.75,755.0,736.5,741.75,84411,0.0,0.0
2022-03-21 00:00:00-04:00,746.5,765.0,743.0,756.25,93775,0.0,0.0
2022-03-22 00:00:00-04:00,756.75,761.0,744.0,753.0,104191,0.0,0.0
2022-03-23 00:00:00-04:00,752.25,770.5,749.0,757.75,112399,0.0,0.0
2022-03-24 00:00:00-04:00,757.0,762.5,745.0,748.25,100951,0.0,0.0
2022-03-25 00:00:00-04:00,748.5,755.25,742.5,754.0,73846,0.0,0.0
2022-03-28 00:00:00-04:00,749.0,750.25,740.5,748.5,89177,0.0,0.0
2022-03-29 00:00:00-04:00,746.25,747.5,713.5,726.25,180171,0.0,0.0
2022-03-30 00:00:00-04:00,727.0,748.75,726.75,738.0,109719,0.0,0.0
2022-03-31 00:00:00-04:00,739.25,770.0,732.5,748.75,173737,0.0,0.0
2022-04-01 00:00:00-04:00,748.5,751.5,730.25,735.0,155927,0.0,0.0
2022-04-04 00:00:00-04:00,737.0,752.25,734.75,750.5,112649,0.0,0.0
2022-04-05 00:00:00-04:00,750.75,768.0,749.25,759.75,123890,0.0,0.0
2022-04-06 00:00:00-04:00,759.75,761.5,750.25,756.5,110915,0.0,0.0
2022-04-07 00:00:00-04:00,755.75,759.25,748.5,757.75,149456,0.0,0.0
2022-04-08 00:00:00-04:00,757.0,773.0,752.75,768.75,170872,0.0,0.0
2022-04-11 00:00:00-04:00,767.0,778.0,762.0,764.5,170234,0.0,0.0
2022-04-12 00:00:00-04:00,765.5,779.0,765.0,776.25,154266,0.0,0.0
2022-04-13 00:00:00-04:00,775.0,786.25,767.25,783.5,182922,0.0,0.0
2022-04-14 00:00:00-04:00,783.5,793.0,781.0,790.25,108878,0.0,0.0
2022-04-18 00:00:00-04:00,791.0,816.75,790.25,813.25,114979,0.0,0.0
2022-04-19 00:00:00-04:00,813.25,819.75,799.75,804.0,133531,0.0,0.0
2022-04-20 00:00:00-04:00,803.5,816.5,796.75,815.75,128911,0.0,0.0
2022-04-21 00:00:00-04:00,814.0,814.25,797.5,799.25,111004,0.0,0.0
2022-04-22 00:00:00-04:00,798.75,807.5,783.5,793.0,140795,0.0,0.0
2022-04-25 00:00:00-04:00,796.75,802.0,784.75,800.25,114116,0.0,0.0
2022-04-26 00:00:00-04:00,800.25,812.25,795.0,803.25,85308,0.0,0.0
2022-04-27 00:00:00-04:00,802.75,820.25,797.5,815.5,70673,0.0,0.0
2022-04-28 00:00:00-04:00,816.25,823.5,811.0,816.0,47633,0.0,0.0
2022-04-29 00:00:00-04:00,816.25,827.0,814.0,818.25,11143,0.0,0.0
2022-05-02 00:00:00-04:00,811.5,814.0,798.0,813.0,2848,0.0,0.0
2022-05-03 00:00:00-04:00,817.5,822.0,799.75,800.75,2214,0.0,0.0
2022-05-04 00:00:00-04:00,801.0,808.75,796.0,798.5,1267,0.0,0.0
2022-05-05 00:00:00-04:00,799.75,804.75,796.0,803.75,410,0.0,0.0
2022-05-06 00:00:00-04:00,800.0,800.0,784.25,792.25,1248,0.0,0.0
2022-05-09 00:00:00-04:00,792.25,792.25,782.0,784.5,745,0.0,0.0
2022-05-10 00:00:00-04:00,787.5,790.75,782.5,786.5,597,0.0,0.0
2022-05-11 00:00:00-04:00,788.0,802.75,788.0,802.25,653,0.0,0.0
2022-05-12 00:00:00-04:00,802.5,814.0,798.75,813.5,911,0.0,0.0
2022-05-13 00:00:00-04:00,808.0,808.0,794.5,794.5,113807,0.0,0.0
2022-05-16 00:00:00-04:00,795.0,810.25,792.75,809.5,138859,0.0,0.0
2022-05-17 00:00:00-04:00,808.0,809.25,797.25,800.75,98317,0.0,0.0
2022-05-18 00:00:00-04:00,800.75,802.25,778.0,781.5,120123,0.0,0.0
2022-05-19 00:00:00-04:00,782.0,789.75,773.25,783.25,106424,0.0,0.0
2022-05-20 00:00:00-04:00,781.25,782.0,774.5,778.75,88004,0.0,0.0
2022-05-23 00:00:00-04:00,780.25,788.0,774.5,786.25,88355,0.0,0.0
2022-05-24 00:00:00-04:00,785.0,787.0,762.0,771.75,147022,0.0,0.0
2022-05-25 00:00:00-04:00,770.0,773.0,755.0,772.25,127425,0.0,0.0
2022-05-26 00:00:00-04:00,762.75,772.5,757.5,765.0,104920,0.0,0.0
2022-05-27 00:00:00-04:00,765.0,780.5,761.0,777.25,101090,0.0,0.0
2022-05-31 00:00:00-04:00,777.0,777.25,747.25,753.5,175461,0.0,0.0
2022-06-01 00:00:00-04:00,753.75,756.25,720.5,731.25,210389,0.0,0.0
2022-06-02 00:00:00-04:00,731.25,739.25,726.25,730.25,127143,0.0,0.0
2022-06-03 00:00:00-04:00,730.25,736.0,725.75,727.0,105542,0.0,0.0
2022-06-06 00:00:00-04:00,732.25,744.25,731.5,742.5,131922,0.0,0.0
2022-06-07 00:00:00-04:00,739.0,765.0,735.0,757.0,227575,0.0,0.0
2022-06-08 00:00:00-04:00,757.0,774.0,756.0,764.5,223848,0.0,0.0
2022-06-09 00:00:00-04:00,764.5,782.75,758.0,773.0,226325,0.0,0.0
2022-06-10 00:00:00-04:00,772.25,781.0,765.75,773.25,156100,0.0,0.0
2022-06-13 00:00:00-04:00,781.0,782.25,758.5,769.25,170044,0.0,0.0
2022-06-14 00:00:00-04:00,765.75,771.0,759.0,768.25,125798,0.0,0.0
2022-06-15 00:00:00-04:00,767.0,779.75,762.0,774.0,105906,0.0,0.0
2022-06-16 00:00:00-04:00,774.0,792.0,773.0,788.25,121542,0.0,0.0
2022-06-17 00:00:00-04:00,787.5,800.0,782.25,784.5,116061,0.0,0.0
2022-06-21 00:00:00-04:00,777.5,778.25,752.25,760.75,192144,0.0,0.0
2022-06-22 00:00:00-04:00,762.0,770.5,754.5,768.0,167778,0.0,0.0
2022-06-23 00:00:00-04:00,767.25,767.25,734.5,746.75,215839,0.0,0.0
2022-06-24 00:00:00-04:00,745.0,762.25,735.0,750.25,155989,0.0,0.0
2022-06-27 00:00:00-04:00,740.0,746.25,731.0,744.25,121830,0.0,0.0
2022-06-28 00:00:00-04:00,747.5,762.75,744.25,759.5,86035,0.0,0.0
2022-06-29 00:00:00-04:00,758.25,780.0,755.5,770.25,63702,0.0,0.0
2022-06-30 00:00:00-04:00,770.0,775.25,742.25,743.75,14477,0.0,0.0
2022-07-01 00:00:00-04:00,748.0,760.0,743.75,754.5,5489,0.0,0.0
2022-07-05 00:00:00-04:00,750.25,765.0,726.0,736.0,3775,0.0,0.0
2022-07-06 00:00:00-04:00,746.0,761.0,726.0,744.25,2703,0.0,0.0
2022-07-07 00:00:00-04:00,749.5,763.5,740.0,747.0,784,0.0,0.0
2022-07-08 00:00:00-04:00,750.75,781.0,744.0,778.25,1438,0.0,0.0
2022-07-11 00:00:00-04:00,783.25,800.0,780.75,781.25,1344,0.0,0.0
2022-07-12 00:00:00-04:00,781.0,785.25,732.0,732.75,1320,0.0,0.0
2022-07-13 00:00:00-04:00,726.0,756.5,725.0,740.0,485,0.0,0.0
2022-07-14 00:00:00-04:00,738.25,746.5,694.0,695.0,102346,0.0,0.0
2022-07-15 00:00:00-04:00,606.75,612.0,596.0,604.25,81572,0.0,0.0
2022-07-18 00:00:00-04:00,610.75,623.5,601.5,612.25,75978,0.0,0.0
2022-07-19 00:00:00-04:00,610.5,611.0,585.75,596.75,94156,0.0,0.0
2022-07-20 00:00:00-04:00,595.5,600.5,589.0,592.25,76176,0.0,0.0
2022-07-21 00:00:00-04:00,592.75,593.5,572.75,575.75,76755,0.0,0.0
2022-07-22 00:00:00-04:00,575.0,582.75,561.5,564.25,95957,0.0,0.0
2022-07-25 00:00:00-04:00,574.25,580.75,566.25,580.0,103447,0.0,0.0
2022-07-26 00:00:00-04:00,587.75,599.75,586.25,597.0,95701,0.0,0.0
2022-07-27 00:00:00-04:00,597.0,604.25,591.75,600.25,80955,0.0,0.0
2022-07-28 00:00:00-04:00,603.75,618.0,601.25,615.0,72681,0.0,0.0
2022-07-29 00:00:00-04:00,615.0,632.0,611.5,616.25,99164,0.0,0.0
2022-08-01 00:00:00-04:00,619.75,621.5,594.25,607.0,91871,0.0,0.0
2022-08-02 00:00:00-04:00,604.0,605.25,589.25,591.25,107008,0.0,0.0
2022-08-03 00:00:00-04:00,587.0,597.0,583.0,591.5,101905,0.0,0.0
2022-08-04 00:00:00-04:00,591.5,607.0,585.75,602.25,83780,0.0,0.0
2022-08-05 00:00:00-04:00,602.0,614.0,597.0,610.25,125020,0.0,0.0
2022-08-08 00:00:00-04:00,603.0,616.0,601.75,608.5,155070,0.0,0.0
2022-08-09 00:00:00-04:00,614.5,626.0,613.5,615.5,142242,0.0,0.0
2022-08-10 00:00:00-04:00,615.0,632.5,613.0,621.25,134330,0.0,0.0
2022-08-11 00:00:00-04:00,621.0,630.75,618.75,629.25,112043,0.0,0.0
2022-08-12 00:00:00-04:00,629.25,640.5,616.0,639.75,98631,0.0,0.0
2022-08-15 00:00:00-04:00,630.5,635.25,616.5,626.75,56712,0.0,0.0
2022-08-16 00:00:00-04:00,624.0,628.25,608.0,611.0,67190,0.0,0.0
2022-08-17 00:00:00-04:00,611.0,618.5,608.0,615.0,49240,0.0,0.0
2022-08-18 00:00:00-04:00,615.0,624.0,608.25,619.75,52153,0.0,0.0
2022-08-19 00:00:00-04:00,619.0,627.75,616.0,626.0,51219,0.0,0.0
2022-08-22 00:00:00-04:00,622.75,635.25,618.0,633.5,67378,0.0,0.0
2022-08-23 00:00:00-04:00,637.0,666.75,635.75,660.0,95345,0.0,0.0
2022-08-24 00:00:00-04:00,659.75,675.5,655.75,665.75,76015,0.0,0.0
2022-08-25 00:00:00-04:00,665.0,674.25,656.75,657.5,78316,0.0,0.0
2022-08-26 00:00:00-04:00,657.0,671.0,654.75,668.75,75544,0.0,0.0
2022-08-29 00:00:00-04:00,675.0,684.25,668.5,683.75,86635,0.0,0.0
2022-08-30 00:00:00-04:00,681.25,682.75,671.25,679.75,48457,0.0,0.0
2022-08-31 00:00:00-04:00,680.75,683.0,664.25,673.75,7831,0.0,0.0
2022-09-01 00:00:00-04:00,671.0,673.75,655.0,658.25,9013,0.0,0.0
2022-09-02 00:00:00-04:00,657.0,671.0,656.75,669.0,2137,0.0,0.0
2022-09-06 00:00:00-04:00,670.75,682.0,667.5,680.75,1289,0.0,0.0
2022-09-07 00:00:00-04:00,678.5,690.0,675.25,676.75,1269,0.0,0.0
2022-09-08 00:00:00-04:00,676.75,679.5,666.5,674.5,1219,0.0,0.0
2022-09-09 00:00:00-04:00,678.75,700.5,678.75,698.5,1439,0.0,0.0
2022-09-12 00:00:00-04:00,690.25,721.5,689.0,712.25,1332,0.0,0.0
2022-09-13 00:00:00-04:00,721.25,725.0,709.0,709.0,607,0.0,0.0
2022-09-14 00:00:00-04:00,709.0,709.0,709.0,709.0,117138,0.0,0.0
2022-09-15 00:00:00-04:00,681.75,690.0,676.25,677.5,111789,0.0,0.0
2022-09-16 00:00:00-04:00,676.25,680.5,667.5,677.25,121327,0.0,0.0
2022-09-19 00:00:00-04:00,675.75,680.0,668.25,678.25,96685,0.0,0.0
2022-09-20 00:00:00-04:00,677.75,693.5,677.5,692.0,123234,0.0,0.0
2022-09-21 00:00:00-04:00,692.0,698.5,679.25,685.5,127215,0.0,0.0
2022-09-22 00:00:00-04:00,683.5,691.0,681.5,688.25,97065,0.0,0.0
2022-09-23 00:00:00-04:00,687.0,688.0,669.5,676.75,154393,0.0,0.0
2022-09-26 00:00:00-04:00,673.25,679.0,665.5,666.25,140725,0.0,0.0
2022-09-27 00:00:00-04:00,666.25,678.0,666.25,667.5,163167,0.0,0.0
2022-09-28 00:00:00-04:00,668.25,673.25,661.5,670.5,137430,0.0,0.0
2022-09-29 00:00:00-04:00,670.5,676.75,666.0,669.5,139450,0.0,0.0
2022-09-30 00:00:00-04:00,669.5,696.25,669.25,677.5,253847,0.0,0.0
2022-10-03 00:00:00-04:00,680.0,687.5,672.5,680.75,132393,0.0,0.0
2022-10-04 00:00:00-04:00,680.75,691.5,676.5,683.0,119212,0.0,0.0
2022-10-05 00:00:00-04:00,683.0,687.5,675.75,684.0,114315,0.0,0.0
2022-10-06 00:00:00-04:00,683.75,685.75,672.0,675.5,128778,0.0,0.0
2022-10-07 00:00:00-04:00,675.5,684.5,671.5,683.25,113581,0.0,0.0
2022-10-10 00:00:00-04:00,683.75,706.5,683.5,698.25,201817,0.0,0.0
2022-10-11 00:00:00-04:00,697.0,702.0,690.75,693.0,140432,0.0,0.0
2022-10-12 00:00:00-04:00,693.25,700.0,680.0,693.0,180209,0.0,0.0
2022-10-13 00:00:00-04:00,692.25,699.5,684.0,697.75,167244,0.0,0.0
2022-10-14 00:00:00-04:00,697.0,699.5,688.5,689.75,108816,0.0,0.0
2022-10-17 00:00:00-04:00,689.0,692.25,681.25,683.5,106164,0.0,0.0
2022-10-18 00:00:00-04:00,683.0,683.75,674.5,681.0,147455,0.0,0.0
2022-10-19 00:00:00-04:00,681.0,684.5,674.0,678.25,112233,0.0,0.0
2022-10-20 00:00:00-04:00,678.0,687.0,676.75,684.0,134819,0.0,0.0
2022-10-21 00:00:00-04:00,683.5,688.0,677.75,684.25,109021,0.0,0.0
2022-10-24 00:00:00-04:00,682.25,686.5,677.25,681.5,119463,0.0,0.0
2022-10-25 00:00:00-04:00,681.5,687.5,677.75,686.25,116661,0.0,0.0
2022-10-26 00:00:00-04:00,684.25,689.75,683.25,685.0,106226,0.0,0.0
2022-10-27 00:00:00-04:00,685.0,689.25,679.25,682.25,112300,0.0,0.0
2022-10-28 00:00:00-04:00,681.25,683.75,676.25,680.75,115074,0.0,0.0
2022-10-31 00:00:00-04:00,696.5,700.0,684.25,691.5,226696,0.0,0.0
2022-11-01 00:00:00-04:00,689.0,698.5,687.25,697.75,146466,0.0,0.0
2022-11-02 00:00:00-04:00,696.5,697.25,680.0,687.5,168334,0.0,0.0
2022-11-03 00:00:00-04:00,686.0,686.5,678.5,679.25,123352,0.0,0.0
2022-11-04 00:00:00-04:00,679.25,685.25,678.5,681.0,112564,0.0,0.0
2022-11-07 00:00:00-05:00,679.0,680.75,675.25,675.75,162563,0.0,0.0
2022-11-08 00:00:00-05:00,675.75,677.0,666.25,667.5,227158,0.0,0.0
2022-11-09 00:00:00-05:00,667.0,671.75,658.0,664.5,246968,0.0,0.0
2022-11-10 00:00:00-05:00,664.5,667.25,652.75,653.25,229081,0.0,0.0
2022-11-11 00:00:00-05:00,653.75,661.0,653.5,658.0,233358,0.0,0.0
2022-11-14 00:00:00-05:00,657.0,662.0,652.25,657.25,181567,0.0,0.0
2022-11-15 00:00:00-05:00,657.0,675.0,651.25,666.75,234097,0.0,0.0
2022-11-16 00:00:00-05:00,665.25,666.0,657.5,665.25,121435,0.0,0.0
2022-11-17 00:00:00-05:00,665.0,668.25,654.75,667.5,138561,0.0,0.0
2022-11-18 00:00:00-05:00,667.5,672.75,665.25,667.75,131275,0.0,0.0
2022-11-21 00:00:00-05:00,666.5,666.75,657.25,659.5,143717,0.0,0.0
2022-11-22 00:00:00-05:00,659.5,663.0,656.25,656.75,107549,0.0,0.0
2022-11-23 00:00:00-05:00,657.75,663.75,655.75,663.25,104569,0.0,0.0
2022-11-25 00:00:00-05:00,661.25,669.75,661.0,668.0,71244,0.0,0.0
2022-11-28 00:00:00-05:00,665.0,670.0,661.0,668.75,149233,0.0,0.0
2022-11-29 00:00:00-05:00,667.5,671.25,665.25,665.75,110381,0.0,0.0
2022-11-30 00:00:00-05:00,665.75,667.0,660.0,662.0,18198,0.0,0.0
2022-12-01 00:00:00-05:00,661.75,663.75,647.0,650.0,8565,0.0,0.0
2022-12-02 00:00:00-05:00,650.25,650.25,629.0,635.0,5678,0.0,0.0
2022-12-05 00:00:00-05:00,635.5,638.25,625.5,628.75,762,0.0,0.0
2022-12-06 00:00:00-05:00,630.75,635.5,623.0,625.5,512,0.0,0.0
2022-12-07 00:00:00-05:00,626.5,632.5,624.0,627.75,662,0.0,0.0
2022-12-08 00:00:00-05:00,628.0,632.5,626.0,632.0,425,0.0,0.0
2022-12-09 00:00:00-05:00,631.5,639.75,631.5,634.75,453,0.0,0.0
2022-12-12 00:00:00-05:00,634.5,644.5,634.5,641.25,263,0.0,0.0
2022-12-13 00:00:00-05:00,642.5,650.5,639.25,643.75,184,0.0,0.0
2022-12-14 00:00:00-05:00,644.25,644.25,639.0,639.0,92295,0.0,0.0
2022-12-15 00:00:00-05:00,650.25,654.25,647.75,653.5,93735,0.0,0.0
2022-12-16 00:00:00-05:00,653.5,655.75,650.0,653.0,66395,0.0,0.0
2022-12-19 00:00:00-05:00,650.5,650.75,644.0,647.25,83168,0.0,0.0
2022-12-20 00:00:00-05:00,647.75,654.25,646.75,652.0,91464,0.0,0.0
2022-12-21 00:00:00-05:00,651.5,663.0,651.0,662.25,125592,0.0,0.0
2022-12-22 00:00:00-05:00,662.0,664.75,658.75,660.5,79924,0.0,0.0
2022-12-23 00:00:00-05:00,659.5,667.75,659.25,666.25,94496,0.0,0.0
2022-12-27 00:00:00-05:00,669.0,675.75,667.25,674.75,123172,0.0,0.0
2022-12-28 00:00:00-05:00,673.25,683.5,672.75,682.75,122193,0.0,0.0
2022-12-29 00:00:00-05:00,681.75,682.25,677.25,679.5,104937,0.0,0.0
2022-12-30 00:00:00-05:00,679.5,685.0,676.5,678.5,90321,0.0,0.0
2023-01-03 00:00:00-05:00,677.25,681.25,668.0,670.5,155538,0.0,0.0
2023-01-04 00:00:00-05:00,670.75,671.75,652.5,653.75,175762,0.0,0.0
2023-01-05 00:00:00-05:00,654.5,657.75,648.5,652.75,138833,0.0,0.0
2023-01-06 00:00:00-05:00,653.75,659.5,651.75,654.0,114158,0.0,0.0
2023-01-09 00:00:00-05:00,655.5,657.0,650.75,652.75,112236,0.0,0.0
2023-01-10 00:00:00-05:00,651.75,664.0,648.25,655.0,181158,0.0,0.0
2023-01-11 00:00:00-05:00,654.5,659.0,652.75,656.0,110880,0.0,0.0
2023-01-12 00:00:00-05:00,656.0,673.5,649.25,671.0,242526,0.0,0.0
2023-01-13 00:00:00-05:00,670.75,676.75,669.75,675.0,158823,0.0,0.0
2023-01-17 00:00:00-05:00,671.5,687.0,668.75,685.25,179918,0.0,0.0
2023-01-18 00:00:00-05:00,684.25,688.75,678.0,681.25,175374,0.0,0.0
2023-01-19 00:00:00-05:00,680.0,685.25,676.0,677.25,149959,0.0,0.0
2023-01-20 00:00:00-05:00,675.5,678.0,672.5,676.25,134978,0.0,0.0
2023-01-23 00:00:00-05:00,674.0,674.75,661.25,666.25,184766,0.0,0.0
2023-01-24 00:00:00-05:00,667.0,677.5,666.25,677.0,165294,0.0,0.0
2023-01-25 00:00:00-05:00,676.75,681.0,673.75,674.75,126030,0.0,0.0
2023-01-26 00:00:00-05:00,674.0,685.5,673.0,682.5,146553,0.0,0.0
2023-01-27 00:00:00-05:00,681.75,686.0,678.25,683.0,141239,0.0,0.0
2023-01-30 00:00:00-05:00,685.0,687.25,678.5,683.75,127942,0.0,0.0
2023-01-31 00:00:00-05:00,683.5,688.5,678.0,679.75,161229,0.0,0.0
2023-02-01 00:00:00-05:00,679.25,682.0,672.75,681.0,144367,0.0,0.0
2023-02-02 00:00:00-05:00,681.0,686.0,674.25,675.25,149905,0.0,0.0
2023-02-03 00:00:00-05:00,674.25,680.0,671.5,677.5,124847,0.0,0.0
2023-02-06 00:00:00-05:00,677.25,679.25,672.25,679.0,123611,0.0,0.0
2023-02-07 00:00:00-05:00,677.0,678.5,673.5,674.0,149454,0.0,0.0
2023-02-08 00:00:00-05:00,673.75,679.5,672.75,678.5,223791,0.0,0.0
2023-02-09 00:00:00-05:00,678.25,681.0,670.25,670.75,214275,0.0,0.0
2023-02-10 00:00:00-05:00,670.75,682.75,669.25,680.5,226648,0.0,0.0
2023-02-13 00:00:00-05:00,680.0,686.5,676.75,685.0,193009,0.0,0.0
2023-02-14 00:00:00-05:00,684.0,688.25,681.75,682.25,137226,0.0,0.0
2023-02-15 00:00:00-05:00,682.0,682.5,675.5,676.25,116550,0.0,0.0
2023-02-16 00:00:00-05:00,676.5,677.25,673.25,676.0,134971,0.0,0.0
2023-02-17 00:00:00-05:00,676.0,679.0,675.0,677.75,144084,0.0,0.0
2023-02-21 00:00:00-05:00,678.5,683.0,675.5,680.5,156078,0.0,0.0
2023-02-22 00:00:00-05:00,680.0,681.5,673.75,674.0,114787,0.0,0.0
2023-02-23 00:00:00-05:00,674.5,676.25,658.5,660.25,173384,0.0,0.0
2023-02-24 00:00:00-05:00,660.5,662.5,649.75,650.0,146407,0.0,0.0
2023-02-27 00:00:00-05:00,650.75,654.0,642.25,642.75,105656,0.0,0.0
2023-02-28 00:00:00-05:00,642.0,644.75,629.25,629.5,15545,0.0,0.0
2023-03-01 00:00:00-05:00,630.0,641.5,623.5,640.5,5431,0.0,0.0
2023-03-02 00:00:00-05:00,641.0,647.25,636.0,637.75,1871,0.0,0.0
2023-03-03 00:00:00-05:00,639.75,648.25,638.25,645.25,1043,0.0,0.0
2023-03-06 00:00:00-05:00,645.25,646.75,641.25,644.5,369,0.0,0.0
2023-03-07 00:00:00-05:00,644.25,646.75,639.75,642.0,702,0.0,0.0
2023-03-08 00:00:00-05:00,644.0,646.0,634.0,634.5,808,0.0,0.0
2023-03-09 00:00:00-05:00,633.75,637.25,618.25,618.5,597,0.0,0.0
2023-03-10 00:00:00-05:00,620.0,626.75,618.5,624.25,540,0.0,0.0
2023-03-13 00:00:00-04:00,622.25,629.0,622.25,624.5,542,0.0,0.0
2023-03-14 00:00:00-04:00,624.0,627.5,624.0,627.5,153530,0.0,0.0
2023-03-15 00:00:00-04:00,623.75,629.0,619.25,626.5,156411,0.0,0.0
2023-03-16 00:00:00-04:00,626.0,635.0,624.75,632.75,167311,0.0,0.0
2023-03-17 00:00:00-04:00,633.25,638.75,630.25,634.25,141477,0.0,0.0
2023-03-20 00:00:00-04:00,633.0,634.0,625.0,633.0,115794,0.0,0.0
2023-03-21 00:00:00-04:00,632.75,638.25,628.75,630.0,133312,0.0,0.0
2023-03-22 00:00:00-04:00,631.25,636.0,623.25,633.5,154747,0.0,0.0
2023-03-23 00:00:00-04:00,633.0,644.0,627.25,631.75,186439,0.0,0.0
2023-03-24 00:00:00-04:00,631.0,645.0,627.5,643.0,191256,0.0,0.0
2023-03-27 00:00:00-04:00,643.0,648.75,637.0,648.25,145573,0.0,0.0
2023-03-28 00:00:00-04:00,646.75,651.25,644.5,647.25,135236,0.0,0.0
2023-03-29 00:00:00-04:00,646.25,655.5,645.75,650.5,156693,0.0,0.0
2023-03-30 00:00:00-04:00,649.75,654.75,648.0,649.5,119486,0.0,0.0
2023-03-31 00:00:00-04:00,648.75,664.5,647.25,660.5,201892,0.0,0.0
2023-04-03 00:00:00-04:00,659.5,668.5,656.0,657.75,153870,0.0,0.0
2023-04-04 00:00:00-04:00,657.0,657.5,648.5,653.75,140103,0.0,0.0
2023-04-05 00:00:00-04:00,653.75,660.0,646.5,652.75,143556,0.0,0.0
2023-04-06 00:00:00-04:00,652.25,652.5,641.75,643.5,0,0.0,0.0
2023-04-10 00:00:00-04:00,644.5,655.0,640.25,654.0,150098,0.0,0.0
2023-04-11 00:00:00-04:00,653.5,657.75,646.75,651.0,200256,0.0,0.0
2023-04-12 00:00:00-04:00,651.0,658.5,648.75,656.0,150111,0.0,0.0
2023-04-13 00:00:00-04:00,656.0,661.75,651.5,652.25,147150,0.0,0.0
2023-04-14 00:00:00-04:00,653.75,668.0,651.0,666.25,154000,0.0,0.0
2023-04-17 00:00:00-04:00,666.0,677.0,662.25,676.5,146895,0.0,0.0
2023-04-18 00:00:00-04:00,676.0,682.5,669.75,677.5,130891,0.0,0.0
2023-04-19 00:00:00-04:00,675.75,680.0,671.0,672.25,114514,0.0,0.0
2023-04-20 00:00:00-04:00,672.0,674.0,661.5,663.75,120915,0.0,0.0
2023-04-21 00:00:00-04:00,664.25,665.5,656.5,663.25,127468,0.0,0.0
2023-04-24 00:00:00-04:00,663.25,667.5,648.5,651.25,134977,0.0,0.0
2023-04-25 00:00:00-04:00,651.25,653.0,641.5,646.5,100633,0.0,0.0
2023-04-26 00:00:00-04:00,648.0,652.25,641.0,641.5,65293,0.0,0.0
2023-04-27 00:00:00-04:00,642.0,644.25,621.75,627.0,59707,0.0,0.0
2023-04-28 00:00:00-04:00,628.25,639.0,622.0,636.0,13722,0.0,0.0
2023-05-01 00:00:00-04:00,632.5,641.0,628.0,639.5,2753,0.0,0.0
2023-05-02 00:00:00-04:00,641.75,652.0,635.5,638.0,5508,0.0,0.0
2023-05-03 00:00:00-04:00,636.5,646.0,626.5,645.25,2081,0.0,0.0
2023-05-04 00:00:00-04:00,642.25,649.5,637.5,646.5,2272,0.0,0.0
2023-05-05 00:00:00-04:00,644.0,656.25,644.0,653.25,1223,0.0,0.0
2023-05-08 00:00:00-04:00,652.75,658.5,651.5,656.5,677,0.0,0.0
2023-05-09 00:00:00-04:00,654.75,654.75,639.5,642.25,1588,0.0,0.0
2023-05-10 00:00:00-04:00,642.0,649.75,637.25,645.5,1067,0.0,0.0
2023-05-11 00:00:00-04:00,641.75,648.0,632.0,632.5,987,0.0,0.0
2023-05-12 00:00:00-04:00,634.75,638.75,623.5,633.25,169418,0.0,0.0
2023-05-15 00:00:00-04:00,581.5,598.75,581.5,592.5,164174,0.0,0.0
2023-05-16 00:00:00-04:00,592.0,593.0,578.25,581.25,133849,0.0,0.0
2023-05-17 00:00:00-04:00,581.75,582.75,554.25,561.5,265000,0.0,0.0
2023-05-18 00:00:00-04:00,561.25,561.75,547.0,555.25,181018,0.0,0.0
2023-05-19 00:00:00-04:00,555.0,571.75,551.5,554.5,183019,0.0,0.0
2023-05-22 00:00:00-04:00,554.75,575.5,553.25,571.0,148542,0.0,0.0
2023-05-23 00:00:00-04:00,570.25,580.75,564.0,577.5,133375,0.0,0.0
2023-05-24 00:00:00-04:00,577.0,589.75,574.0,587.25,152816,0.0,0.0
2023-05-25 00:00:00-04:00,587.5,593.0,583.5,590.75,145545,0.0,0.0
2023-05-26 00:00:00-04:00,590.25,606.75,588.25,604.0,178644,0.0,0.0
2023-05-30 00:00:00-04:00,603.75,605.0,591.5,594.0,176207,0.0,0.0
2023-05-31 00:00:00-04:00,594.25,594.75,577.5,594.0,170159,0.0,0.0
2023-06-01 00:00:00-04:00,594.0,606.0,591.75,592.5,153589,0.0,0.0
2023-06-02 00:00:00-04:00,592.5,610.5,581.25,609.0,199864,0.0,0.0
2023-06-05 00:00:00-04:00,609.0,614.0,595.0,597.5,168376,0.0,0.0
2023-06-06 00:00:00-04:00,599.75,610.75,599.75,608.0,185929,0.0,0.0
2023-06-07 00:00:00-04:00,605.0,612.5,601.75,604.25,174301,0.0,0.0
2023-06-08 00:00:00-04:00,600.0,613.25,595.25,610.25,178765,0.0,0.0
2023-06-09 00:00:00-04:00,608.25,609.0,597.5,604.25,174688,0.0,0.0
2023-06-12 00:00:00-04:00,609.0,623.75,608.75,617.25,208159,0.0,0.0
2023-06-13 00:00:00-04:00,617.0,625.0,610.75,612.5,202991,0.0,0.0
2023-06-14 00:00:00-04:00,610.25,618.75,601.5,607.75,187535,0.0,0.0
2023-06-15 00:00:00-04:00,608.0,626.5,607.25,623.25,194030,0.0,0.0
2023-06-16 00:00:00-04:00,623.0,641.0,622.25,640.25,223694,0.0,0.0
2023-06-20 00:00:00-04:00,640.75,647.0,635.5,643.75,151986,0.0,0.0
2023-06-21 00:00:00-04:00,650.0,672.5,647.25,671.0,150762,0.0,0.0
2023-06-22 00:00:00-04:00,668.25,670.25,653.0,660.5,117760,0.0,0.0
2023-06-23 00:00:00-04:00,655.75,657.5,629.0,630.75,142972,0.0,0.0
2023-06-26 00:00:00-04:00,634.5,649.75,621.0,637.25,117529,0.0,0.0
2023-06-27 00:00:00-04:00,643.0,644.5,622.25,623.0,93042,0.0,0.0
2023-06-28 00:00:00-04:00,625.0,630.75,582.0,590.0,89617,0.0,0.0
2023-06-29 00:00:00-04:00,591.75,603.5,574.0,581.0,42588,0.0,0.0
2023-06-30 00:00:00-04:00,585.0,595.0,552.0,554.5,6458,0.0,0.0
2023-07-03 00:00:00-04:00,558.5,568.25,553.25,557.25,1610,0.0,0.0
2023-07-05 00:00:00-04:00,558.0,564.25,545.5,548.25,1921,0.0,0.0
2023-07-06 00:00:00-04:00,547.25,569.25,547.25,566.75,1410,0.0,0.0
2023-07-07 00:00:00-04:00,567.0,571.75,560.0,560.5,1322,0.0,0.0
2023-07-10 00:00:00-04:00,561.0,572.0,561.0,570.75,518,0.0,0.0
2023-07-11 00:00:00-04:00,567.5,585.5,567.5,571.75,789,0.0,0.0
2023-07-12 00:00:00-04:00,573.0,574.5,547.25,549.75,713,0.0,0.0
2023-07-13 00:00:00-04:00,547.5,593.75,547.5,593.5,129,0.0,0.0
2023-07-14 00:00:00-04:00,609.75,614.75,599.75,599.75,107632,0.0,0.0
2023-07-17 00:00:00-04:00,512.0,519.75,496.25,499.25,87969,0.0,0.0
2023-07-18 00:00:00-04:00,497.75,534.75,495.25,528.75,132495,0.0,0.0
2023-07-19 00:00:00-04:00,526.75,557.5,525.75,545.5,193393,0.0,0.0
2023-07-20 00:00:00-04:00,545.0,554.5,533.0,537.25,123962,0.0,0.0
2023-07-21 00:00:00-04:00,536.5,538.75,522.5,527.0,121026,0.0,0.0
2023-07-24 00:00:00-04:00,534.0,564.5,531.5,560.5,115440,0.0,0.0
2023-07-25 00:00:00-04:00,559.75,563.75,545.5,557.5,104803,0.0,0.0
2023-07-26 00:00:00-04:00,557.0,557.25,536.75,540.25,106980,0.0,0.0
2023-07-27 00:00:00-04:00,540.25,547.0,532.25,533.25,95908,0.0,0.0
2023-07-28 00:00:00-04:00,533.0,538.5,516.75,521.0,90547,0.0,0.0
2023-07-31 00:00:00-04:00,516.25,516.25,498.5,504.0,111158,0.0,0.0
2023-08-01 00:00:00-04:00,504.0,508.0,496.5,497.0,116230,0.0,0.0
2023-08-02 00:00:00-04:00,497.25,512.25,485.75,488.25,158406,0.0,0.0
2023-08-03 00:00:00-04:00,486.25,489.75,480.25,480.75,101378,0.0,0.0
2023-08-04 00:00:00-04:00,482.5,493.5,480.25,484.25,96911,0.0,0.0
2023-08-07 00:00:00-04:00,484.75,488.5,476.0,482.25,164880,0.0,0.0
2023-08-08 00:00:00-04:00,482.0,488.75,477.25,485.75,124554,0.0,0.0
2023-08-09 00:00:00-04:00,485.75,490.0,479.0,481.0,120224,0.0,0.0
2023-08-10 00:00:00-04:00,481.5,485.5,480.0,483.25,93318,0.0,0.0
2023-08-11 00:00:00-04:00,483.0,494.75,470.5,474.5,174425,0.0,0.0
2023-08-14 00:00:00-04:00,476.25,479.75,468.75,475.75,73606,0.0,0.0
2023-08-15 00:00:00-04:00,474.0,474.0,462.0,464.0,89967,0.0,0.0
2023-08-16 00:00:00-04:00,463.0,473.0,462.0,469.5,70843,0.0,0.0
2023-08-17 00:00:00-04:00,470.0,475.0,464.75,473.0,69172,0.0,0.0
2023-08-18 00:00:00-04:00,473.75,482.5,472.5,479.5,66477,0.0,0.0
2023-08-21 00:00:00-04:00,486.0,493.0,468.0,469.25,74711,0.0,0.0
2023-08-22 00:00:00-04:00,469.25,472.5,461.0,466.5,72976,0.0,0.0
2023-08-23 00:00:00-04:00,467.0,478.25,465.5,476.25,84523,0.0,0.0
2023-08-24 00:00:00-04:00,476.25,480.5,468.5,472.25,85162,0.0,0.0
2023-08-25 00:00:00-04:00,471.25,477.0,469.0,470.75,84408,0.0,0.0
2023-08-28 00:00:00-04:00,476.25,480.0,472.25,478.5,87576,0.0,0.0
2023-08-29 00:00:00-04:00,476.5,483.0,468.5,469.5,98795,0.0,0.0
2023-08-30 00:00:00-04:00,469.0,474.75,460.25,461.75,74605,0.0,0.0
2023-08-31 00:00:00-04:00,461.75,468.0,459.0,461.0,12073,0.0,0.0
2023-09-01 00:00:00-04:00,461.0,468.25,460.25,464.75,3311,0.0,0.0
2023-09-05 00:00:00-04:00,466.0,473.75,462.5,471.0,1553,0.0,0.0
2023-09-06 00:00:00-04:00,473.5,476.25,471.25,471.5,841,0.0,0.0
2023-09-07 00:00:00-04:00,471.25,474.0,468.5,470.75,741,0.0,0.0
2023-09-08 00:00:00-04:00,471.25,472.25,467.0,468.5,233,0.0,0.0
2023-09-11 00:00:00-04:00,470.25,471.5,468.0,471.25,430,0.0,0.0
2023-09-12 00:00:00-04:00,473.5,473.5,462.75,463.25,174,0.0,0.0
2023-09-13 00:00:00-04:00,466.75,467.75,462.5,464.0,120,0.0,0.0
2023-09-14 00:00:00-04:00,455.75,462.5,455.75,462.5,113552,0.0,0.0
2023-09-15 00:00:00-04:00,480.0,483.5,475.0,476.25,110377,0.0,0.0
2023-09-18 00:00:00-04:00,475.25,478.75,469.0,471.5,143316,0.0,0.0
2023-09-19 00:00:00-04:00,471.25,477.0,467.75,476.25,139647,0.0,0.0
2023-09-20 00:00:00-04:00,476.0,483.0,474.5,482.25,162298,0.0,0.0
2023-09-21 00:00:00-04:00,481.0,482.5,474.0,475.25,115196,0.0,0.0
2023-09-22 00:00:00-04:00,475.0,478.5,474.25,477.25,88610,0.0,0.0
2023-09-25 00:00:00-04:00,475.25,482.5,473.75,481.25,101591,0.0,0.0
2023-09-26 00:00:00-04:00,481.0,483.5,476.5,479.75,117585,0.0,0.0
2023-09-27 00:00:00-04:00,479.75,486.75,479.0,483.25,125713,0.0,0.0
2023-09-28 00:00:00-04:00,483.75,489.25,481.0,488.5,114318,0.0,0.0
2023-09-29 00:00:00-04:00,487.5,490.0,475.5,476.75,209423,0.0,0.0
2023-10-02 00:00:00-04:00,477.0,489.75,476.0,488.75,159224,0.0,0.0
2023-10-03 00:00:00-04:00,488.0,489.25,484.25,487.5,138101,0.0,0.0
2023-10-04 00:00:00-04:00,487.5,489.75,482.5,486.0,129880,0.0,0.0
2023-10-05 00:00:00-04:00,486.0,498.5,482.5,497.5,186342,0.0,0.0
2023-10-06 00:00:00-04:00,496.0,499.0,491.5,492.0,125225,0.0,0.0
2023-10-09 00:00:00-04:00,492.0,497.0,487.25,488.25,115532,0.0,0.0
2023-10-10 00:00:00-04:00,488.0,488.25,484.25,485.5,110081,0.0,0.0
2023-10-11 00:00:00-04:00,485.5,488.5,483.5,488.0,102590,0.0,0.0
2023-10-12 00:00:00-04:00,487.75,498.75,482.25,496.0,208365,0.0,0.0
2023-10-13 00:00:00-04:00,495.0,498.75,490.5,493.25,138232,0.0,0.0
2023-10-16 00:00:00-04:00,493.5,496.75,489.5,490.0,113486,0.0,0.0
2023-10-17 00:00:00-04:00,490.0,492.75,487.75,489.0,102031,0.0,0.0
2023-10-18 00:00:00-04:00,488.5,494.0,488.5,492.0,119274,0.0,0.0
2023-10-19 00:00:00-04:00,492.0,505.5,490.25,505.0,279440,0.0,0.0
2023-10-20 00:00:00-04:00,504.0,509.5,495.0,495.5,264540,0.0,0.0
2023-10-23 00:00:00-04:00,494.25,497.0,490.25,490.25,126442,0.0,0.0
2023-10-24 00:00:00-04:00,490.75,491.5,482.75,484.0,161081,0.0,0.0
2023-10-25 00:00:00-04:00,483.5,486.0,476.75,480.0,177281,0.0,0.0
2023-10-26 00:00:00-04:00,480.0,484.25,477.5,479.25,190730,0.0,0.0
2023-10-27 00:00:00-04:00,479.25,484.0,478.25,480.75,126300,0.0,0.0
2023-10-30 00:00:00-04:00,480.0,484.25,477.5,478.25,136565,0.0,0.0
2023-10-31 00:00:00-04:00,478.25,483.0,477.5,478.75,136045,0.0,0.0
2023-11-01 00:00:00-04:00,478.75,480.0,472.5,475.0,180119,0.0,0.0
2023-11-02 00:00:00-04:00,475.0,477.0,469.5,470.0,202193,0.0,0.0
2023-11-03 00:00:00-04:00,470.0,481.25,468.0,477.25,200217,0.0,0.0
2023-11-06 00:00:00-05:00,477.25,480.75,476.75,477.25,131646,0.0,0.0
2023-11-07 00:00:00-05:00,477.0,477.5,468.0,468.5,215810,0.0,0.0
2023-11-08 00:00:00-05:00,469.0,480.5,468.5,476.0,322782,0.0,0.0
2023-11-09 00:00:00-05:00,475.0,476.0,466.5,468.0,257163,0.0,0.0
2023-11-10 00:00:00-05:00,468.0,469.0,461.75,464.0,230543,0.0,0.0
2023-11-13 00:00:00-05:00,463.25,477.75,461.0,477.25,249727,0.0,0.0
2023-11-14 00:00:00-05:00,477.0,480.0,473.0,478.25,183143,0.0,0.0
2023-11-15 00:00:00-05:00,477.75,480.5,467.25,470.75,245509,0.0,0.0
2023-11-16 00:00:00-05:00,471.0,476.25,465.25,474.75,182325,0.0,0.0
2023-11-17 00:00:00-05:00,474.5,475.0,466.75,467.0,132235,0.0,0.0
2023-11-20 00:00:00-05:00,467.0,470.25,464.5,469.5,139825,0.0,0.0
2023-11-21 00:00:00-05:00,469.25,475.0,468.0,470.0,173228,0.0,0.0
2023-11-22 00:00:00-05:00,468.75,473.75,467.75,468.75,126935,0.0,0.0
2023-11-24 00:00:00-05:00,468.0,470.5,462.5,463.25,113555,0.0,0.0
2023-11-27 00:00:00-05:00,464.25,465.75,453.75,455.5,180939,0.0,0.0
2023-11-28 00:00:00-05:00,455.5,456.75,450.25,451.5,181371,0.0,0.0
2023-11-29 00:00:00-05:00,451.0,453.5,447.0,449.75,139560,0.0,0.0
2023-11-30 00:00:00-05:00,449.75,462.75,449.75,461.75,14188,0.0,0.0
2023-12-01 00:00:00-05:00,460.25,469.5,458.25,464.5,3312,0.0,0.0
2023-12-04 00:00:00-05:00,461.25,463.75,457.0,460.25,1925,0.0,0.0
2023-12-05 00:00:00-05:00,460.25,468.5,460.25,468.5,639,0.0,0.0
2023-12-06 00:00:00-05:00,467.75,473.0,463.75,464.75,347,0.0,0.0
2023-12-07 00:00:00-05:00,465.0,469.25,465.0,468.25,322,0.0,0.0
2023-12-08 00:00:00-05:00,468.0,472.0,465.75,465.75,319,0.0,0.0
2023-12-11 00:00:00-05:00,465.5,466.25,460.5,460.5,379,0.0,0.0
2023-12-12 00:00:00-05:00,459.25,467.0,459.25,462.5,265,0.0,0.0
2023-12-13 00:00:00-05:00,462.5,462.5,455.0,456.75,256,0.0,0.0
2023-12-14 00:00:00-05:00,459.0,460.0,456.75,456.75,106424,0.0,0.0
2023-12-15 00:00:00-05:00,479.25,484.0,477.75,483.0,108554,0.0,0.0
2023-12-18 00:00:00-05:00,482.5,482.75,475.5,477.0,129446,0.0,0.0
2023-12-19 00:00:00-05:00,477.25,478.25,471.5,472.75,130033,0.0,0.0
2023-12-20 00:00:00-05:00,472.75,475.5,468.25,469.75,131027,0.0,0.0
2023-12-21 00:00:00-05:00,470.0,474.0,469.25,472.5,108597,0.0,0.0
2023-12-22 00:00:00-05:00,472.5,474.0,471.5,473.0,80484,0.0,0.0
2023-12-26 00:00:00-05:00,473.0,481.0,471.5,480.25,114198,0.0,0.0
2023-12-27 00:00:00-05:00,479.75,480.25,474.5,476.5,107950,0.0,0.0
2023-12-28 00:00:00-05:00,476.0,478.75,474.0,474.25,99398,0.0,0.0
2023-12-29 00:00:00-05:00,473.75,475.0,470.5,471.25,109649,0.0,0.0
2024-01-02 00:00:00-05:00,470.5,470.75,462.5,463.75,187193,0.0,0.0
2024-01-03 00:00:00-05:00,464.75,466.0,461.75,465.25,147913,0.0,0.0
2024-01-04 00:00:00-05:00,465.0,469.0,463.5,466.5,127034,0.0,0.0
2024-01-05 00:00:00-05:00,466.5,467.75,460.0,460.75,151589,0.0,0.0
2024-01-08 00:00:00-05:00,461.0,462.5,452.0,455.0,214324,0.0,0.0
2024-01-09 00:00:00-05:00,454.75,460.5,451.75,459.25,215153,0.0,0.0
2024-01-10 00:00:00-05:00,459.0,461.75,454.5,459.5,193507,0.0,0.0
2024-01-11 00:00:00-05:00,459.0,461.5,455.75,457.75,165189,0.0,0.0
2024-01-12 00:00:00-05:00,457.0,460.0,441.0,447.0,314095,0.0,0.0
2024-01-16 00:00:00-05:00,447.75,451.25,442.0,443.5,175650,0.0,0.0
2024-01-17 00:00:00-05:00,443.5,448.25,440.0,442.25,205711,0.0,0.0
2024-01-18 00:00:00-05:00,442.0,445.0,436.75,444.0,180948,0.0,0.0
2024-01-19 00:00:00-05:00,443.5,449.5,443.0,445.5,148101,0.0,0.0
2024-01-22 00:00:00-05:00,445.5,448.0,444.0,445.75,112771,0.0,0.0
2024-01-23 00:00:00-05:00,445.75,450.5,444.0,446.5,152301,0.0,0.0
2024-01-24 00:00:00-05:00,446.5,452.75,446.25,452.25,156004,0.0,0.0
2024-01-25 00:00:00-05:00,451.5,453.25,447.5,451.75,169289,0.0,0.0
2024-01-26 00:00:00-05:00,451.0,451.75,445.5,446.25,135726,0.0,0.0
2024-01-29 00:00:00-05:00,446.25,447.5,437.5,440.25,203565,0.0,0.0
2024-01-30 00:00:00-05:00,439.75,448.25,436.5,447.75,194898,0.0,0.0
2024-01-31 00:00:00-05:00,447.25,448.75,443.25,448.25,135485,0.0,0.0
2024-02-01 00:00:00-05:00,448.0,448.0,443.5,447.25,153724,0.0,0.0
2024-02-02 00:00:00-05:00,446.5,448.75,442.0,442.75,129450,0.0,0.0
2024-02-05 00:00:00-05:00,442.75,445.0,439.5,442.75,137664,0.0,0.0
2024-02-06 00:00:00-05:00,442.75,445.5,438.25,438.75,193360,0.0,0.0
2024-02-07 00:00:00-05:00,438.5,439.25,432.75,434.25,245418,0.0,0.0
2024-02-08 00:00:00-05:00,434.5,437.0,429.75,433.25,222878,0.0,0.0
2024-02-09 00:00:00-05:00,433.0,437.0,428.25,429.0,206271,0.0,0.0
2024-02-12 00:00:00-05:00,430.25,432.75,427.75,430.5,198795,0.0,0.0
2024-02-13 00:00:00-05:00,430.25,434.75,428.75,430.75,182682,0.0,0.0
2024-02-14 00:00:00-05:00,430.75,431.0,422.25,424.25,230224,0.0,0.0
2024-02-15 00:00:00-05:00,424.0,425.0,417.25,417.75,217729,0.0,0.0
2024-02-16 00:00:00-05:00,417.5,421.5,415.0,416.5,176972,0.0,0.0
2024-02-20 00:00:00-05:00,416.25,421.5,414.75,418.75,217838,0.0,0.0
2024-02-21 00:00:00-05:00,418.5,419.5,410.0,411.0,180048,0.0,0.0
2024-02-22 00:00:00-05:00,410.0,415.5,404.25,406.0,199941,0.0,0.0
2024-02-23 00:00:00-05:00,406.0,409.25,398.5,399.75,218218,0.0,0.0
2024-02-26 00:00:00-05:00,399.75,407.75,394.5,407.0,227175,0.0,0.0
2024-02-27 00:00:00-05:00,406.5,411.5,406.25,408.25,139596,0.0,0.0
2024-02-28 00:00:00-05:00,408.25,414.75,406.5,413.25,118959,0.0,0.0
2024-02-29 00:00:00-05:00,415.0,418.75,409.75,415.75,8781,0.0,0.0
2024-03-01 00:00:00-05:00,415.5,418.0,409.25,412.25,3475,0.0,0.0
2024-03-04 00:00:00-05:00,412.0,420.75,412.0,417.5,2214,0.0,0.0
2024-03-05 00:00:00-05:00,417.25,418.0,412.5,413.5,1544,0.0,0.0
2024-03-06 00:00:00-05:00,413.25,418.0,412.0,418.0,2542,0.0,0.0
2024-03-07 00:00:00-05:00,418.25,427.5,418.25,426.0,1645,0.0,0.0
2024-03-08 00:00:00-05:00,424.25,426.5,420.5,426.25,755,0.0,0.0
2024-03-11 00:00:00-04:00,421.75,428.5,419.75,428.25,615,0.0,0.0
2024-03-12 00:00:00-04:00,425.0,435.0,424.75,429.0,527,0.0,0.0
2024-03-13 00:00:00-04:00,430.0,432.5,426.5,426.5,75,0.0,0.0
2024-03-14 00:00:00-04:00,426.0,426.0,422.5,422.5,153348,0.0,0.0
2024-03-15 00:00:00-04:00,433.75,440.0,431.75,436.75,140242,0.0,0.0
2024-03-18 00:00:00-04:00,437.0,440.5,434.0,436.0,121822,0.0,0.0
2024-03-19 00:00:00-04:00,436.5,440.0,435.0,439.5,115115,0.0,0.0
2024-03-20 00:00:00-04:00,439.0,439.5,435.5,439.0,131971,0.0,0.0
2024-03-21 00:00:00-04:00,439.0,445.75,437.5,440.75,158789,0.0,0.0
2024-03-22 00:00:00-04:00,440.25,441.5,436.0,439.25,132898,0.0,0.0
2024-03-25 00:00:00-04:00,439.0,441.25,437.0,437.75,118606,0.0,0.0
2024-03-26 00:00:00-04:00,437.25,440.75,432.0,432.5,155311,0.0,0.0
2024-03-27 00:00:00-04:00,432.0,432.25,426.25,426.75,165189,0.0,0.0
2024-03-28 00:00:00-04:00,426.75,448.0,426.0,442.0,360086,0.0,0.0
2024-04-01 00:00:00-04:00,441.75,442.0,432.25,435.5,200474,0.0,0.0
2024-04-02 00:00:00-04:00,435.75,436.75,424.5,426.5,235504,0.0,0.0
2024-04-03 00:00:00-04:00,428.25,433.0,425.75,431.75,187684,0.0,0.0
2024-04-04 00:00:00-04:00,432.25,436.0,429.75,435.25,153811,0.0,0.0
2024-04-05 00:00:00-04:00,435.0,438.5,432.25,434.25,192940,0.0,0.0
2024-04-08 00:00:00-04:00,433.75,437.5,431.5,435.5,215991,0.0,0.0
2024-04-09 00:00:00-04:00,435.0,435.75,429.75,431.25,219304,0.0,0.0
2024-04-10 00:00:00-04:00,431.0,435.75,430.75,434.25,210255,0.0,0.0
2024-04-11 00:00:00-04:00,434.0,437.5,427.5,428.75,250695,0.0,0.0
2024-04-12 00:00:00-04:00,428.25,437.5,427.0,435.5,202052,0.0,0.0
2024-04-15 00:00:00-04:00,434.5,435.0,430.25,431.5,152252,0.0,0.0
2024-04-16 00:00:00-04:00,431.25,432.25,428.5,431.0,148116,0.0,0.0
2024-04-17 00:00:00-04:00,431.0,433.0,429.5,430.25,139235,0.0,0.0
2024-04-18 00:00:00-04:00,429.5,431.0,426.25,426.75,180777,0.0,0.0
2024-04-19 00:00:00-04:00,427.25,434.0,426.75,433.5,163574,0.0,0.0
2024-04-22 00:00:00-04:00,432.25,441.0,431.0,439.75,192556,0.0,0.0
2024-04-23 00:00:00-04:00,439.25,443.75,438.5,443.0,144096,0.0,0.0
2024-04-24 00:00:00-04:00,442.75,444.5,437.25,437.75,161654,0.0,0.0
2024-04-25 00:00:00-04:00,437.75,442.0,436.0,441.0,168023,0.0,0.0
2024-04-26 00:00:00-04:00,441.0,442.75,439.0,440.0,165048,0.0,0.0
2024-04-29 00:00:00-04:00,440.0,441.5,435.0,439.25,117196,0.0,0.0
2024-04-30 00:00:00-04:00,439.25,441.25,437.0,439.5,14833,0.0,0.0
2024-05-01 00:00:00-04:00,440.0,444.25,437.25,443.25,4184,0.0,0.0
2024-05-02 00:00:00-04:00,442.75,452.25,442.5,452.0,2944,0.0,0.0
2024-05-03 00:00:00-04:00,451.25,458.5,446.75,447.0,2540,0.0,0.0
2024-05-06 00:00:00-04:00,447.0,458.5,444.5,457.0,1907,0.0,0.0
2024-05-07 00:00:00-04:00,457.0,459.5,453.75,453.75,1021,0.0,0.0
2024-05-08 00:00:00-04:00,452.75,452.75,444.25,445.5,634,0.0,0.0
2024-05-09 00:00:00-04:00,447.25,447.5,441.0,442.75,573,0.0,0.0
2024-05-10 00:00:00-04:00,443.25,455.75,443.25,455.75,316,0.0,0.0
2024-05-13 00:00:00-04:00,453.5,461.5,453.5,458.5,317,0.0,0.0
2024-05-14 00:00:00-04:00,461.0,461.0,453.25,453.75,246243,0.0,0.0
2024-05-15 00:00:00-04:00,467.75,473.25,461.5,462.5,222335,0.0,0.0
2024-05-16 00:00:00-04:00,462.25,465.25,456.0,457.0,200532,0.0,0.0
2024-05-17 00:00:00-04:00,457.25,460.5,451.0,452.5,217848,0.0,0.0
2024-05-20 00:00:00-04:00,452.75,463.5,452.25,460.5,185086,0.0,0.0
2024-05-21 00:00:00-04:00,460.0,461.25,455.0,458.0,168069,0.0,0.0
2024-05-22 00:00:00-04:00,458.5,463.25,458.0,461.25,175899,0.0,0.0
2024-05-23 00:00:00-04:00,461.25,467.25,458.5,464.0,166864,0.0,0.0
2024-05-24 00:00:00-04:00,464.5,466.75,460.75,464.75,169182,0.0,0.0
2024-05-28 00:00:00-04:00,467.0,471.0,460.0,462.5,166128,0.0,0.0
2024-05-29 00:00:00-04:00,462.5,463.0,454.25,455.25,166319,0.0,0.0
2024-05-30 00:00:00-04:00,455.25,457.0,447.5,448.75,225176,0.0,0.0
2024-05-31 00:00:00-04:00,449.0,453.75,445.5,446.25,174860,0.0,0.0
2024-06-03 00:00:00-04:00,445.75,449.0,439.0,443.5,262804,0.0,0.0
2024-06-04 00:00:00-04:00,442.5,448.25,440.0,442.5,221274,0.0,0.0
2024-06-05 00:00:00-04:00,442.5,444.25,438.25,439.25,183305,0.0,0.0
2024-06-06 00:00:00-04:00,439.25,453.25,438.75,452.0,261537,0.0,0.0
2024-06-07 00:00:00-04:00,452.0,454.25,444.25,448.75,238072,0.0,0.0
2024-06-10 00:00:00-04:00,448.75,452.75,447.75,451.75,230930,0.0,0.0
2024-06-11 00:00:00-04:00,450.75,456.25,449.0,449.5,271960,0.0,0.0
2024-06-12 00:00:00-04:00,449.0,455.0,448.5,454.25,276468,0.0,0.0
2024-06-13 00:00:00-04:00,453.5,460.5,453.5,458.5,296248,0.0,0.0
2024-06-14 00:00:00-04:00,458.0,459.5,448.0,450.0,228388,0.0,0.0
2024-06-17 00:00:00-04:00,448.0,450.0,443.25,443.75,172134,0.0,0.0
2024-06-18 00:00:00-04:00,444.25,452.0,443.75,450.0,191652,0.0,0.0
2024-06-20 00:00:00-04:00,448.25,449.5,439.25,439.75,229750,0.0,0.0
2024-06-21 00:00:00-04:00,440.0,442.5,434.25,435.0,217553,0.0,0.0
2024-06-24 00:00:00-04:00,435.0,436.0,425.0,433.5,203582,0.0,0.0
2024-06-25 00:00:00-04:00,433.5,434.5,423.5,425.5,172164,0.0,0.0
2024-06-26 00:00:00-04:00,425.0,430.0,418.75,420.0,161453,0.0,0.0
2024-06-27 00:00:00-04:00,420.0,421.25,413.5,413.75,142693,0.0,0.0
2024-06-28 00:00:00-04:00,414.0,419.0,390.5,397.25,15899,0.0,0.0
2024-07-01 00:00:00-04:00,397.25,401.25,391.75,398.25,1731,0.0,0.0
2024-07-02 00:00:00-04:00,398.25,403.75,398.25,402.0,764,0.0,0.0
2024-07-03 00:00:00-04:00,402.25,405.0,399.0,403.5,584,0.0,0.0
2024-07-05 00:00:00-04:00,406.0,412.0,405.5,411.25,398,0.0,0.0
2024-07-08 00:00:00-04:00,411.75,411.75,394.5,395.75,666,0.0,0.0
2024-07-09 00:00:00-04:00,400.25,406.75,397.0,400.25,585,0.0,0.0
2024-07-10 00:00:00-04:00,399.75,405.75,399.75,403.25,214,0.0,0.0
2024-07-11 00:00:00-04:00,411.0,411.0,406.75,406.75,65,0.0,0.0
2024-07-12 00:00:00-04:00,395.75,400.0,395.25,400.0,211323,0.0,0.0
2024-07-15 00:00:00-04:00,403.0,403.0,389.5,390.5,140155,0.0,0.0
2024-07-16 00:00:00-04:00,390.0,398.0,390.0,395.75,133849,0.0,0.0
2024-07-17 00:00:00-04:00,395.75,400.0,395.0,398.0,115086,0.0,0.0
2024-07-18 00:00:00-04:00,398.0,399.0,390.0,391.25,114790,0.0,0.0
2024-07-19 00:00:00-04:00,391.0,396.25,390.0,390.5,111883,0.0,0.0
2024-07-22 00:00:00-04:00,391.0,401.0,391.0,400.25,150907,0.0,0.0
2024-07-23 00:00:00-04:00,399.0,407.0,397.25,402.5,143835,0.0,0.0
2024-07-24 00:00:00-04:00,401.5,409.5,399.0,403.75,149625,0.0,0.0
2024-07-25 00:00:00-04:00,403.0,408.75,402.0,406.0,119013,0.0,0.0
2024-07-26 00:00:00-04:00,405.75,406.5,394.0,394.5,154397,0.0,0.0
2024-07-29 00:00:00-04:00,392.75,397.0,390.0,396.25,142225,0.0,0.0
2024-07-30 00:00:00-04:00,396.0,396.75,387.25,388.75,123321,0.0,0.0
2024-07-31 00:00:00-04:00,387.75,390.5,381.0,382.75,156261,0.0,0.0
2024-08-01 00:00:00-04:00,382.5,384.0,378.0,382.0,116742,0.0,0.0
2024-08-02 00:00:00-04:00,383.0,387.75,381.75,386.5,113751,0.0,0.0
2024-08-05 00:00:00-04:00,385.75,391.75,378.75,390.75,157029,0.0,0.0
2024-08-06 00:00:00-04:00,390.75,393.0,385.75,388.75,107227,0.0,0.0
2024-08-07 00:00:00-04:00,387.75,388.0,381.75,383.25,199142,0.0,0.0
2024-08-08 00:00:00-04:00,383.0,386.5,378.5,379.25,157714,0.0,0.0
2024-08-09 00:00:00-04:00,379.0,381.25,375.25,376.75,157231,0.0,0.0
2024-08-12 00:00:00-04:00,376.25,385.25,372.5,383.25,203695,0.0,0.0
2024-08-13 00:00:00-04:00,382.75,385.0,376.25,377.75,172577,0.0,0.0
2024-08-14 00:00:00-04:00,377.25,382.0,376.0,381.0,125031,0.0,0.0
2024-08-15 00:00:00-04:00,380.75,383.5,374.5,375.0,151990,0.0,0.0
2024-08-16 00:00:00-04:00,374.5,375.75,367.75,370.5,137465,0.0,0.0
2024-08-19 00:00:00-04:00,370.25,378.5,370.0,378.0,151084,0.0,0.0
2024-08-20 00:00:00-04:00,377.75,378.5,374.75,375.0,122507,0.0,0.0
2024-08-21 00:00:00-04:00,374.75,378.0,374.0,375.5,96191,0.0,0.0
2024-08-22 00:00:00-04:00,375.5,376.5,370.75,371.5,131932,0.0,0.0
2024-08-23 00:00:00-04:00,371.0,374.0,367.25,367.75,138358,0.0,0.0
2024-08-26 00:00:00-04:00,367.25,367.5,360.5,362.0,143588,0.0,0.0
2024-08-27 00:00:00-04:00,361.5,369.25,360.75,367.25,161618,0.0,0.0
2024-08-28 00:00:00-04:00,367.0,367.75,362.25,365.25,160784,0.0,0.0
2024-08-29 00:00:00-04:00,364.25,372.75,363.75,371.75,100531,0.0,0.0
2024-08-30 00:00:00-04:00,371.25,378.75,371.0,378.0,6393,0.0,0.0
2024-09-03 00:00:00-04:00,378.0,386.75,376.5,386.5,3017,0.0,0.0
2024-09-04 00:00:00-04:00,385.5,391.25,383.0,390.5,1519,0.0,0.0
2024-09-05 00:00:00-04:00,389.0,390.0,386.75,390.0,485,0.0,0.0
2024-09-06 00:00:00-04:00,389.75,395.25,383.0,383.75,504,0.0,0.0
2024-09-09 00:00:00-04:00,383.75,385.25,381.0,384.25,504,0.0,0.0
2024-09-10 00:00:00-04:00,382.75,382.75,379.5,379.5,296,0.0,0.0
2024-09-11 00:00:00-04:00,379.75,381.25,377.0,380.5,117,0.0,0.0
2024-09-12 00:00:00-04:00,380.5,387.5,380.5,386.25,123,0.0,0.0
2024-09-13 00:00:00-04:00,381.25,394.0,381.0,390.75,229028,0.0,0.0
2024-09-16 00:00:00-04:00,413.0,413.0,408.5,410.75,150818,0.0,0.0
2024-09-17 00:00:00-04:00,410.0,413.0,408.5,412.5,123973,0.0,0.0
2024-09-18 00:00:00-04:00,412.0,415.0,411.0,412.75,134644,0.0,0.0
2024-09-19 00:00:00-04:00,412.25,413.0,405.25,405.75,166204,0.0,0.0
2024-09-20 00:00:00-04:00,406.0,407.25,401.5,401.75,178231,0.0,0.0
2024-09-23 00:00:00-04:00,401.5,414.25,401.25,413.5,228072,0.0,0.0
2024-09-24 00:00:00-04:00,413.0,418.25,410.0,411.75,210496,0.0,0.0
2024-09-25 00:00:00-04:00,411.75,415.5,408.5,415.25,158957,0.0,0.0
2024-09-26 00:00:00-04:00,414.75,419.25,412.5,413.25,204872,0.0,0.0
2024-09-27 00:00:00-04:00,413.0,419.75,410.75,418.0,218578,0.0,0.0
2024-09-30 00:00:00-04:00,416.5,427.75,415.5,424.75,272926,0.0,0.0
2024-10-01 00:00:00-04:00,423.5,432.5,421.75,429.0,262757,0.0,0.0
2024-10-02 00:00:00-04:00,428.5,434.25,428.5,432.5,239747,0.0,0.0
2024-10-03 00:00:00-04:00,431.5,433.25,427.5,428.25,181331,0.0,0.0
2024-10-04 00:00:00-04:00,427.5,427.5,423.0,424.75,165354,0.0,0.0
2024-10-07 00:00:00-04:00,424.0,427.0,421.25,426.0,161439,0.0,0.0
2024-10-08 00:00:00-04:00,426.0,428.0,419.25,420.75,229659,0.0,0.0
2024-10-09 00:00:00-04:00,420.25,423.5,420.0,421.0,148815,0.0,0.0
2024-10-10 00:00:00-04:00,421.0,424.0,418.0,418.5,171360,0.0,0.0
2024-10-11 00:00:00-04:00,418.5,422.75,415.25,415.75,224069,0.0,0.0
2024-10-14 00:00:00-04:00,415.0,415.25,407.5,408.25,257782,0.0,0.0
2024-10-15 00:00:00-04:00,408.0,408.0,400.5,401.25,305403,0.0,0.0
2024-10-16 00:00:00-04:00,401.25,406.75,401.0,404.75,214285,0.0,0.0
2024-10-17 00:00:00-04:00,404.5,407.5,399.0,406.75,255482,0.0,0.0
2024-10-18 00:00:00-04:00,406.75,409.5,403.75,404.75,193538,0.0,0.0
2024-10-21 00:00:00-04:00,403.75,411.75,403.0,409.5,241760,0.0,0.0
2024-10-22 00:00:00-04:00,409.0,417.0,408.25,416.5,267224,0.0,0.0
2024-10-23 00:00:00-04:00,416.0,420.0,414.0,419.0,246005,0.0,0.0
2024-10-24 00:00:00-04:00,418.75,424.0,418.25,421.5,287987,0.0,0.0
2024-10-25 00:00:00-04:00,420.5,421.0,414.5,415.25,247609,0.0,0.0
2024-10-28 00:00:00-04:00,413.25,414.75,410.0,410.75,251359,0.0,0.0
2024-10-29 00:00:00-04:00,410.0,414.75,410.0,413.75,197431,0.0,0.0
2024-10-30 00:00:00-04:00,413.25,414.25,411.0,411.5,170092,0.0,0.0
2024-10-31 00:00:00-04:00,411.5,412.75,409.25,410.75,238814,0.0,0.0
2024-11-01 00:00:00-04:00,410.75,415.75,410.5,414.5,197406,0.0,0.0
2024-11-04 00:00:00-05:00,414.0,420.0,413.0,416.5,219138,0.0,0.0
2024-11-05 00:00:00-05:00,416.25,419.75,415.25,418.5,167928,0.0,0.0
2024-11-06 00:00:00-05:00,418.0,426.75,414.25,426.25,283193,0.0,0.0
2024-11-07 00:00:00-05:00,425.75,428.5,422.25,427.5,310584,0.0,0.0
2024-11-08 00:00:00-05:00,427.5,434.75,426.75,431.0,347310,0.0,0.0
2024-11-11 00:00:00-05:00,430.0,432.0,426.5,430.0,250205,0.0,0.0
2024-11-12 00:00:00-05:00,429.75,433.5,426.75,428.5,250503,0.0,0.0
2024-11-13 00:00:00-05:00,428.5,429.75,424.25,426.5,235165,0.0,0.0
2024-11-14 00:00:00-05:00,426.0,428.0,418.25,419.0,292267,0.0,0.0
2024-11-15 00:00:00-05:00,418.75,425.0,417.0,424.0,218570,0.0,0.0
2024-11-18 00:00:00-05:00,423.75,429.5,422.25,429.25,190964,0.0,0.0
2024-11-19 00:00:00-05:00,428.75,431.5,426.5,427.25,215160,0.0,0.0
2024-11-20 00:00:00-05:00,427.0,432.0,424.75,430.25,224875,0.0,0.0
2024-11-21 00:00:00-05:00,430.0,432.0,426.25,426.75,187445,0.0,0.0
2024-11-22 00:00:00-05:00,426.75,429.5,425.0,425.5,159873,0.0,0.0
2024-11-25 00:00:00-05:00,425.25,426.25,422.25,424.75,226269,0.0,0.0
2024-11-26 00:00:00-05:00,424.25,425.75,417.75,420.0,210241,0.0,0.0
2024-11-27 00:00:00-05:00,420.0,422.25,414.75,415.75,145009,0.0,0.0
2024-11-29 00:00:00-05:00,416.0,423.5,415.0,423.0,7903,0.0,0.0
2024-12-02 00:00:00-05:00,423.0,425.5,420.75,424.5,3895,0.0,0.0
2024-12-03 00:00:00-05:00,425.0,428.0,422.75,423.25,4091,0.0,0.0
2024-12-04 00:00:00-05:00,423.25,424.5,421.0,422.0,1723,0.0,0.0
2024-12-05 00:00:00-05:00,421.5,427.0,420.25,426.5,2566,0.0,0.0
2024-12-06 00:00:00-05:00,426.5,431.5,425.25,430.75,1372,0.0,0.0
2024-12-09 00:00:00-05:00,431.25,434.75,431.0,434.0,1586,0.0,0.0
2024-12-10 00:00:00-05:00,433.5,440.75,433.25,440.5,1685,0.0,0.0
2024-12-11 00:00:00-05:00,440.0,443.25,437.75,438.0,570,0.0,0.0
2024-12-12 00:00:00-05:00,436.5,439.0,431.75,431.75,334,0.0,0.0
2024-12-13 00:00:00-05:00,434.25,434.25,426.25,430.0,170867,0.0,0.0
2024-12-16 00:00:00-05:00,441.25,445.75,441.25,445.0,157167,0.0,0.0
2024-12-17 00:00:00-05:00,445.0,446.75,441.25,443.5,164416,0.0,0.0
2024-12-18 00:00:00-05:00,443.75,446.5,437.0,437.25,176178,0.0,0.0
2024-12-19 00:00:00-05:00,437.0,441.0,435.75,440.75,182519,0.0,0.0
2024-12-20 00:00:00-05:00,439.75,447.5,439.5,446.25,191422,0.0,0.0
2024-12-23 00:00:00-05:00,446.0,448.25,445.25,447.75,132878,0.0,0.0
2024-12-24 00:00:00-05:00,447.25,448.75,446.75,448.5,88153,0.0,0.0
2024-12-26 00:00:00-05:00,448.5,454.25,448.5,453.75,176165,0.0,0.0
2024-12-27 00:00:00-05:00,453.25,455.0,452.25,454.0,162024,0.0,0.0
2024-12-30 00:00:00-05:00,453.75,458.5,449.75,452.25,217069,0.0,0.0
2024-12-31 00:00:00-05:00,452.25,459.0,452.0,458.5,172882,0.0,0.0
2025-01-02 00:00:00-05:00,457.25,459.75,456.25,459.5,163449,0.0,0.0
2025-01-03 00:00:00-05:00,459.5,459.75,449.25,450.75,199340,0.0,0.0
2025-01-06 00:00:00-05:00,451.5,460.25,451.5,457.75,227403,0.0,0.0
2025-01-07 00:00:00-05:00,456.0,458.5,453.0,458.0,211629,0.0,0.0
2025-01-08 00:00:00-05:00,457.75,459.25,453.5,454.0,192588,0.0,0.0
2025-01-09 00:00:00-05:00,454.0,457.25,453.5,456.0,157712,0.0,0.0
2025-01-10 00:00:00-05:00,456.0,472.5,455.75,470.5,467086,0.0,0.0
2025-01-13 00:00:00-05:00,469.75,477.0,469.25,476.5,376883,0.0,0.0
2025-01-14 00:00:00-05:00,475.5,479.75,473.5,474.5,278017,0.0,0.0
2025-01-15 00:00:00-05:00,474.25,479.5,474.0,478.75,218140,0.0,0.0
2025-01-16 00:00:00-05:00,478.75,479.0,473.25,474.5,209824,0.0,0.0
2025-01-17 00:00:00-05:00,474.0,485.0,474.0,484.25,305007,0.0,0.0
2025-01-21 00:00:00-05:00,484.25,490.5,482.5,490.0,295105,0.0,0.0
2025-01-22 00:00:00-05:00,489.5,492.25,482.5,484.25,264538,0.0,0.0
2025-01-23 00:00:00-05:00,484.25,494.5,480.5,489.75,250550,0.0,0.0
2025-01-24 00:00:00-05:00,487.0,489.5,483.5,486.5,208959,0.0,0.0
2025-01-27 00:00:00-05:00,484.5,484.75,477.75,482.0,216234,0.0,0.0
2025-01-28 00:00:00-05:00,482.25,489.25,481.0,485.25,225855,0.0,0.0
2025-01-29 00:00:00-05:00,485.0,497.5,485.0,497.0,277207,0.0,0.0
2025-01-30 00:00:00-05:00,496.25,497.0,490.0,490.25,218110,0.0,0.0
2025-01-31 00:00:00-05:00,488.25,488.75,479.25,482.0,318483,0.0,0.0
2025-02-03 00:00:00-05:00,476.75,491.0,472.5,488.75,322166,0.0,0.0
2025-02-04 00:00:00-05:00,488.0,497.25,487.25,494.5,279780,0.0,0.0
2025-02-05 00:00:00-05:00,494.0,498.5,489.75,493.25,226004,0.0,0.0
2025-02-06 00:00:00-05:00,493.25,496.5,486.0,495.25,299134,0.0,0.0
2025-02-07 00:00:00-05:00,495.5,496.5,485.5,487.5,287303,0.0,0.0
2025-02-10 00:00:00-05:00,485.75,492.75,482.25,491.5,250904,0.0,0.0
2025-02-11 00:00:00-05:00,491.75,497.0,483.25,484.0,311257,0.0,0.0
2025-02-12 00:00:00-05:00,483.75,492.25,481.5,490.25,271391,0.0,0.0
2025-02-13 00:00:00-05:00,489.75,494.25,485.25,493.5,269316,0.0,0.0
2025-02-14 00:00:00-05:00,493.0,499.75,492.5,496.25,195600,0.0,0.0
2025-02-18 00:00:00-05:00,496.25,504.25,493.25,502.0,238775,0.0,0.0
2025-02-19 00:00:00-05:00,502.0,504.5,496.25,497.5,210080,0.0,0.0
2025-02-20 00:00:00-05:00,497.75,503.25,497.5,498.0,163804,0.0,0.0
2025-02-21 00:00:00-05:00,498.0,499.5,490.0,491.25,209485,0.0,0.0
2025-02-24 00:00:00-05:00,490.0,491.0,481.5,482.5,189315,0.0,0.0
2025-02-25 00:00:00-05:00,483.25,484.5,474.25,479.75,116438,0.0,0.0
2025-02-26 00:00:00-05:00,480.25,485.0,477.0,478.25,101750,0.0,0.0
2025-02-27 00:00:00-05:00,478.25,481.25,463.75,464.75,86413,0.0,0.0
2025-02-28 00:00:00-05:00,465.5,468.0,453.0,453.5,8178,0.0,0.0
2025-03-03 00:00:00-05:00,455.25,456.75,439.0,440.25,3364,0.0,0.0
2025-03-04 00:00:00-05:00,440.5,440.5,426.5,436.0,2273,0.0,0.0
2025-03-05 00:00:00-05:00,436.75,442.0,433.25,440.25,1169,0.0,0.0
2025-03-06 00:00:00-05:00,443.5,452.75,439.75,449.5,668,0.0,0.0
2025-03-07 00:00:00-05:00,450.25,456.75,448.0,455.25,311,0.0,0.0
2025-03-10 00:00:00-04:00,458.0,459.5,454.0,458.75,479,0.0,0.0
2025-03-11 00:00:00-04:00,458.0,464.0,456.5,456.5,76,0.0,0.0
2025-03-12 00:00:00-04:00,455.0,455.0,444.0,448.75,233,0.0,0.0
2025-03-13 00:00:00-04:00,450.0,459.25,450.0,453.5,101,0.0,0.0
2025-03-14 00:00:00-04:00,443.25,445.5,443.25,445.5,242039,0.0,0.0
2025-03-17 00:00:00-04:00,460.0,465.5,457.25,461.0,180875,0.0,0.0
2025-03-18 00:00:00-04:00,461.0,462.5,455.25,458.75,177170,0.0,0.0
2025-03-19 00:00:00-04:00,458.25,463.0,455.75,462.0,185225,0.0,0.0
2025-03-20 00:00:00-04:00,462.0,470.25,462.0,469.0,219751,0.0,0.0
2025-03-21 00:00:00-04:00,467.25,469.75,461.25,464.25,182427,0.0,0.0
2025-03-24 00:00:00-04:00,465.0,466.25,459.5,464.5,125182,0.0,0.0
2025-03-25 00:00:00-04:00,464.5,464.75,457.0,457.75,148189,0.0,0.0
2025-03-26 00:00:00-04:00,458.75,461.0,450.75,451.25,154487,0.0,0.0
2025-03-27 00:00:00-04:00,451.75,452.75,447.25,450.0,170192,0.0,0.0
2025-03-28 00:00:00-04:00,450.25,454.0,442.0,453.25,206960,0.0,0.0
2025-03-31 00:00:00-04:00,453.0,459.25,444.0,457.25,282804,0.0,0.0
2025-04-01 00:00:00-04:00,457.75,465.0,454.0,461.75,179571,0.0,0.0
2025-04-02 00:00:00-04:00,460.25,460.75,454.0,457.75,159591,0.0,0.0
2025-04-03 00:00:00-04:00,450.0,462.25,447.5,457.5,203152,0.0,0.0
2025-04-04 00:00:00-04:00,457.75,462.5,449.25,460.25,212888,0.0,0.0
2025-04-07 00:00:00-04:00,456.0,467.5,454.25,464.5,216782,0.0,0.0
2025-04-08 00:00:00-04:00,464.5,469.75,462.75,469.0,255177,0.0,0.0
2025-04-09 00:00:00-04:00,468.0,475.5,465.75,474.0,257173,0.0,0.0
2025-04-10 00:00:00-04:00,473.25,484.0,473.0,483.0,326270,0.0,0.0
2025-04-11 00:00:00-04:00,482.0,490.75,481.75,490.25,284335,0.0,0.0
2025-04-14 00:00:00-04:00,489.0,490.25,484.25,485.0,201393,0.0,0.0
2025-04-15 00:00:00-04:00,485.0,488.75,479.0,481.25,178411,0.0,0.0
2025-04-16 00:00:00-04:00,481.25,487.0,479.25,484.25,136221,0.0,0.0
2025-04-17 00:00:00-04:00,483.25,486.5,481.5,482.25,117566,0.0,0.0
2025-04-21 00:00:00-04:00,483.25,487.25,481.25,481.75,128840,0.0,0.0
2025-04-22 00:00:00-04:00,481.75,483.0,475.0,475.75,152079,0.0,0.0
2025-04-23 00:00:00-04:00,476.25,477.0,470.25,472.0,147853,0.0,0.0
2025-04-24 00:00:00-04:00,472.25,478.5,472.25,477.25,146915,0.0,0.0
2025-04-25 00:00:00-04:00,477.0,480.75,476.75,478.75,129454,0.0,0.0
2025-04-28 00:00:00-04:00,477.0,478.75,469.5,475.5,176588,0.0,0.0
2025-04-29 00:00:00-04:00,475.5,477.25,460.25,460.5,100359,0.0,0.0
2025-04-30 00:00:00-04:00,461.0,470.0,460.5,467.25,10991,0.0,0.0
2025-05-01 00:00:00-04:00,467.25,472.25,463.0,464.25,3008,0.0,0.0
2025-05-02 00:00:00-04:00,464.5,468.75,460.75,461.25,2624,0.0,0.0
2025-05-05 00:00:00-04:00,461.0,461.0,446.5,446.5,1098,0.0,0.0
2025-05-06 00:00:00-04:00,448.75,448.75,445.5,447.5,466,0.0,0.0
2025-05-07 00:00:00-04:00,449.75,453.25,440.5,441.0,617,0.0,0.0
2025-05-08 00:00:00-04:00,440.5,440.5,434.0,439.0,438,0.0,0.0
2025-05-09 00:00:00-04:00,440.75,444.0,439.5,441.5,240,0.0,0.0
2025-05-12 00:00:00-04:00,444.0,447.5,438.5,440.25,205,0.0,0.0
2025-05-13 00:00:00-04:00,433.5,436.0,430.75,436.0,66,0.0,0.0
2025-05-14 00:00:00-04:00,440.25,440.25,436.75,438.5,177064,0.0,0.0
2025-05-15 00:00:00-04:00,444.75,450.5,443.5,448.5,191182,0.0,0.0
2025-05-16 00:00:00-04:00,449.0,451.5,442.75,443.5,173410,0.0,0.0
2025-05-19 00:00:00-04:00,443.5,449.75,443.0,447.5,179623,0.0,0.0
2025-05-20 00:00:00-04:00,446.75,455.5,444.75,454.5,194894,0.0,0.0
2025-05-21 00:00:00-04:00,454.5,462.0,453.5,461.0,201425,0.0,0.0
2025-05-22 00:00:00-04:00,459.25,464.75,456.5,463.0,192800,0.0,0.0
2025-05-23 00:00:00-04:00,462.75,464.5,455.0,459.5,167356,0.0,0.0
2025-05-27 00:00:00-04:00,459.0,463.0,456.0,459.5,153148,0.0,0.0
2025-05-28 00:00:00-04:00,459.5,463.0,450.0,451.0,196402,0.0,0.0
2025-05-29 00:00:00-04:00,452.25,453.0,443.5,447.0,157586,0.0,0.0
2025-05-30 00:00:00-04:00,447.0,449.5,443.0,444.0,140113,0.0,0.0
2025-06-02 00:00:00-04:00,444.0,451.0,437.75,438.25,211154,0.0,0.0
2025-06-03 00:00:00-04:00,438.25,442.5,434.25,438.5,209493,0.0,0.0
2025-06-04 00:00:00-04:00,438.5,446.0,437.5,438.75,220751,0.0,0.0
2025-06-05 00:00:00-04:00,438.5,442.75,433.25,439.5,0,0.0,0.0
2025-06-06 00:00:00-04:00,438.25,445.0,435.0,442.5,229798,0.0,0.0
2025-06-09 00:00:00-04:00,442.25,445.75,432.75,433.5,228598,0.0,0.0
2025-06-10 00:00:00-04:00,433.5,439.5,429.25,438.75,245097,0.0,0.0
2025-06-11 00:00:00-04:00,439.0,444.75,436.0,437.0,201677,0.0,0.0
2025-06-12 00:00:00-04:00,436.5,441.75,435.25,438.5,190442,0.0,0.0
2025-06-13 00:00:00-04:00,438.25,445.25,435.0,444.5,179124,0.0,0.0
2025-06-16 00:00:00-04:00,444.0,446.5,431.25,434.75,177619,0.0,0.0
2025-06-17 00:00:00-04:00,434.75,437.5,429.5,431.5,231168,0.0,0.0
2025-06-18 00:00:00-04:00,431.5,434.5,430.0,433.5,0,0.0,0.0
2025-06-20 00:00:00-04:00,433.0,435.0,428.25,428.75,189743,0.0,0.0
2025-06-23 00:00:00-04:00,430.0,430.75,417.25,419.25,197265,0.0,0.0
2025-06-24 00:00:00-04:00,419.0,422.5,415.0,416.25,192057,0.0,0.0
2025-06-25 00:00:00-04:00,415.5,417.5,408.0,410.25,144137,0.0,0.0
2025-06-26 00:00:00-04:00,410.0,414.5,408.0,409.5,159014,0.0,0.0
2025-06-27 00:00:00-04:00,409.5,419.25,409.25,417.5,106238,0.0,0.0
2025-06-30 00:00:00-04:00,417.75,422.75,415.0,420.5,12555,0.0,0.0
2025-07-01 00:00:00-04:00,421.25,423.0,414.5,420.0,4103,0.0,0.0
2025-07-02 00:00:00-04:00,419.75,430.25,415.5,429.25,3639,0.0,0.0
2025-07-03 00:00:00-04:00,429.5,435.25,429.25,431.5,0,0.0,0.0
2025-07-07 00:00:00-04:00,426.0,426.0,417.0,418.0,709,0.0,0.0
2025-07-08 00:00:00-04:00,420.5,420.5,411.0,411.0,573,0.0,0.0
2025-07-09 00:00:00-04:00,415.5,415.5,409.75,412.5,349,0.0,0.0
2025-07-10 00:00:00-04:00,412.5,414.0,407.25,407.25,571,0.0,0.0
2025-07-11 00:00:00-04:00,407.25,409.75,400.0,403.0,315,0.0,0.0
2025-07-14 00:00:00-04:00,411.75,412.75,398.75,412.75,185262,0.0,0.0
2025-07-15 00:00:00-04:00,399.5,406.25,395.0,401.25,182568,0.0,0.0
2025-07-16 00:00:00-04:00,400.0,407.25,400.0,405.25,163241,0.0,0.0
2025-07-17 00:00:00-04:00,405.0,407.0,400.25,402.0,103691,0.0,0.0
2025-07-18 00:00:00-04:00,403.0,411.0,402.5,408.5,127464,0.0,0.0
2025-07-21 00:00:00-04:00,406.5,408.75,400.25,403.75,112066,0.0,0.0
2025-07-22 00:00:00-04:00,404.5,406.0,398.5,399.25,114958,0.0,0.0
2025-07-23 00:00:00-04:00,399.25,401.75,397.25,398.5,92982,0.0,0.0
2025-07-24 00:00:00-04:00,398.25,404.25,398.25,401.75,111447,0.0,0.0
2025-07-25 00:00:00-04:00,401.5,403.0,398.25,399.5,97166,0.0,0.0
2025-07-28 00:00:00-04:00,399.0,400.0,392.0,393.75,141670,0.0,0.0
2025-07-29 00:00:00-04:00,392.0,394.25,387.75,389.25,169994,0.0,0.0
2025-07-30 00:00:00-04:00,389.0,393.5,388.25,391.75,132091,0.0,0.0
2025-07-31 00:00:00-04:00,391.25,394.75,388.0,394.0,124175,0.0,0.0
2025-08-01 00:00:00-04:00,394.0,396.25,388.75,389.5,111475,0.0,0.0
2025-08-04 00:00:00-04:00,389.5,392.5,386.5,387.0,133486,0.0,0.0
2025-08-05 00:00:00-04:00,386.25,386.75,380.5,381.5,166267,0.0,0.0
2025-08-06 00:00:00-04:00,381.0,381.25,375.0,379.75,151730,0.0,0.0
2025-08-07 00:00:00-04:00,379.75,386.0,379.75,384.5,154983,0.0,0.0
2025-08-08 00:00:00-04:00,384.0,389.25,382.0,382.75,174531,0.0,0.0
2025-08-11 00:00:00-04:00,382.5,387.0,380.5,385.0,180486,0.0,0.0
2025-08-12 00:00:00-04:00,384.5,384.75,368.75,371.5,252732,0.0,0.0
2025-08-13 00:00:00-04:00,371.5,376.0,370.75,374.0,167774,0.0,0.0
2025-08-14 00:00:00-04:00,373.25,376.75,369.5,375.0,112000,0.0,0.0
2025-08-15 00:00:00-04:00,375.5,384.25,374.5,383.75,129521,0.0,0.0
2025-08-18 00:00:00-04:00,383.0,384.75,379.25,383.0,104730,0.0,0.0
2025-08-19 00:00:00-04:00,383.0,383.0,377.75,379.5,79845,0.0,0.0
2025-08-20 00:00:00-04:00,379.5,382.25,378.25,380.0,109776,0.0,0.0
2025-08-21 00:00:00-04:00,379.75,389.5,379.25,387.25,116898,0.0,0.0
2025-08-22 00:00:00-04:00,387.25,389.25,385.5,388.25,108358,0.0,0.0
2025-08-25 00:00:00-04:00,389.25,394.0,388.25,389.25,123992,0.0,0.0
2025-08-26 00:00:00-04:00,389.0,392.0,386.75,387.5,170218,0.0,0.0
2025-08-27 00:00:00-04:00,387.0,387.5,381.75,382.5,108482,0.0,0.0
2025-08-28 00:00:00-04:00,382.5,387.5,379.75,385.5,81216,0.0,0.0
2025-08-29 00:00:00-04:00,387.0,398.5,387.0,398.0,0,0.0,0.0
2025-09-02 00:00:00-04:00,396.25,403.75,393.5,403.0,1546,0.0,0.0
2025-09-03 00:00:00-04:00,403.0,404.5,396.5,397.75,1025,0.0,0.0
2025-09-04 00:00:00-04:00,397.5,400.25,394.25,399.75,863,0.0,0.0
2025-09-05 00:00:00-04:00,401.25,405.25,397.25,399.0,417,0.0,0.0
2025-09-08 00:00:00-04:00,398.0,403.75,394.0,403.0,549,0.0,0.0
2025-09-09 00:00:00-04:00,402.0,403.5,398.75,401.25,146,0.0,0.0
2025-09-10 00:00:00-04:00,401.0,401.25,395.5,397.25,57,0.0,0.0
2025-09-11 00:00:00-04:00,398.25,399.0,396.75,399.0,120,0.0,0.0
2025-09-12 00:00:00-04:00,402.5,405.25,398.5,399.0,363844,0.0,0.0
2025-09-15 00:00:00-04:00,426.25,428.5,422.0,423.25,192792,0.0,0.0
2025-09-16 00:00:00-04:00,423.0,431.25,423.0,429.5,178779,0.0,0.0
2025-09-17 00:00:00-04:00,428.75,431.25,425.5,426.75,146851,0.0,0.0
2025-09-18 00:00:00-04:00,426.5,428.0,423.5,423.75,113263,0.0,0.0
2025-09-19 00:00:00-04:00,424.0,429.75,422.25,424.0,162409,0.0,0.0
2025-09-22 00:00:00-04:00,424.0,424.75,418.25,421.75,189769,0.0,0.0
2025-09-23 00:00:00-04:00,421.75,426.5,418.75,426.25,145931,0.0,0.0
2025-09-24 00:00:00-04:00,425.0,427.5,423.5,424.25,134256,0.0,0.0
2025-09-25 00:00:00-04:00,423.75,428.25,423.5,425.75,146851,0.0,0.0
2025-09-26 00:00:00-04:00,425.25,425.75,421.25,422.0,131813,0.0,0.0
2025-09-29 00:00:00-04:00,421.0,422.75,418.75,421.5,146154,0.0,0.0
2025-09-30 00:00:00-04:00,421.25,421.5,414.0,415.5,279177,0.0,0.0
2025-10-01 00:00:00-04:00,415.75,419.5,410.5,416.5,285170,0.0,0.0
2025-10-02 00:00:00-04:00,417.25,422.5,414.75,421.75,192896,0.0,0.0
2025-10-03 00:00:00-04:00,420.75,423.0,418.5,419.0,179524,0.0,0.0
2025-10-06 00:00:00-04:00,419.0,422.5,417.25,421.75,141859,0.0,0.0
2025-10-07 00:00:00-04:00,421.5,424.5,419.0,419.75,219828,0.0,0.0
2025-10-08 00:00:00-04:00,419.25,422.75,418.5,422.0,167360,0.0,0.0
2025-10-09 00:00:00-04:00,422.0,423.25,418.0,418.25,207206,0.0,0.0
2025-10-10 00:00:00-04:00,418.25,419.25,412.25,413.0,233653,0.0,0.0
2025-10-13 00:00:00-04:00,413.0,415.0,410.5,410.75,233653,0.0,0.0
2025-10-14 00:00:00-04:00,410.75,413.5,409.25,413.0,192433,0.0,0.0
2025-10-15 00:00:00-04:00,412.75,418.5,411.25,416.75,195171,0.0,0.0
2025-10-16 00:00:00-04:00,416.75,423.5,416.25,421.75,304262,0.0,0.0
2025-10-17 00:00:00-04:00,421.25,424.75,421.0,422.5,185452,0.0,0.0
2025-10-20 00:00:00-04:00,422.5,424.0,419.5,423.25,179465,0.0,0.0
2025-10-21 00:00:00-04:00,423.25,424.5,418.5,419.75,181051,0.0,0.0
2025-10-22 00:00:00-04:00,419.75,424.0,418.5,423.0,186819,0.0,0.0
2025-10-23 00:00:00-04:00,423.0,428.5,421.0,428.0,206571,0.0,0.0
2025-10-24 00:00:00-04:00,427.25,427.5,423.0,423.25,211852,0.0,0.0
2025-10-27 00:00:00-04:00,427.0,431.75,426.0,428.75,295622,0.0,0.0
2025-10-28 00:00:00-04:00,428.0,436.25,427.25,432.0,378016,0.0,0.0
2025-10-29 00:00:00-04:00,431.25,435.0,430.0,434.0,239879,0.0,0.0
2025-10-30 00:00:00-04:00,434.0,437.0,427.75,430.25,301183,0.0,0.0
2025-10-31 00:00:00-04:00,429.25,432.25,426.5,431.5,214312,0.0,0.0
2025-11-03 00:00:00-05:00,431.0,435.0,427.75,434.25,0,0.0,0.0
2025-11-04 00:00:00-05:00,434.0,434.5,429.25,431.5,183033,0.0,0.0
2025-11-05 00:00:00-05:00,430.5,436.0,428.75,435.25,201307,0.0,0.0
2025-11-06 00:00:00-05:00,434.5,434.75,428.25,428.75,228266,0.0,0.0
2025-11-07 00:00:00-05:00,428.5,430.5,426.75,427.25,186066,0.0,0.0
2025-11-10 00:00:00-05:00,426.75,431.25,426.25,429.75,220392,0.0,0.0
2025-11-11 00:00:00-05:00,429.0,432.75,428.5,432.0,221848,0.0,0.0
2025-11-12 00:00:00-05:00,431.5,436.0,431.0,435.25,271699,0.0,0.0
2025-11-13 00:00:00-05:00,434.75,442.75,434.0,441.5,400924,0.0,0.0
2025-11-14 00:00:00-05:00,441.5,442.75,429.5,430.25,411585,0.0,0.0
2025-11-17 00:00:00-05:00,429.75,437.25,428.5,434.75,219642,0.0,0.0
2025-11-18 00:00:00-05:00,434.75,438.5,433.25,436.75,162294,0.0,0.0
2025-11-19 00:00:00-05:00,435.5,436.25,428.25,429.75,198902,0.0,0.0
2025-11-20 00:00:00-05:00,429.75,431.25,425.75,426.5,195292,0.0,0.0
2025-11-21 00:00:00-05:00,426.25,427.75,424.0,425.5,194578,0.0,0.0
2025-11-24 00:00:00-05:00,426.0,426.5,422.25,423.75,227312,0.0,0.0
2025-11-25 00:00:00-05:00,423.75,426.0,422.25,423.5,227795,0.0,0.0
2025-11-26 00:00:00-05:00,423.0,433.5,423.0,431.75,158325,0.0,0.0
2025-11-28 00:00:00-05:00,432.0,437.0,430.75,435.5,8642,0.0,0.0
2025-12-01 00:00:00-05:00,434.5,436.5,432.0,432.75,3265,0.0,0.0
2025-12-02 00:00:00-05:00,433.25,439.25,430.75,438.0,2267,0.0,0.0
2025-12-03 00:00:00-05:00,438.0,438.0,431.0,431.5,1340,0.0,0.0
2025-12-04 00:00:00-05:00,432.75,438.25,431.0,437.75,1242,0.0,0.0
2025-12-05 00:00:00-05:00,435.75,439.0,435.5,436.75,1242,0.0,0.0
2025-12-08 00:00:00-05:00,437.25,447.25,442.5,444.0,97826,0.0,0.0
